country,iso,language_code,language,search_field,keyword,theme,follower_min,follower_max,proposed_country_allocation,platform_note
India,IN,en,English,Bio,psychologist,Professional role,300,10000,3200,Instagram + YouTube
India,IN,en,English,Bio,psychiatrist,Professional role,300,10000,3200,Instagram + YouTube
India,IN,en,English,Bio,psychotherapist,Professional role,300,10000,3200,Instagram + YouTube
India,IN,en,English,Bio,mental health counselor,Professional role,300,10000,3200,Instagram + YouTube
India,IN,en,English,Bio,mental health counsellor,Professional role,300,10000,3200,Instagram + YouTube
India,IN,en,English,Bio,cognitive behavioral therapy,Therapy approach,300,10000,3200,Instagram + YouTube
India,IN,en,English,Bio,EMDR,Therapy approach,300,10000,3200,Instagram + YouTube
India,IN,en,English,Bio,CBT,Therapy approach,300,10000,3200,Instagram + YouTube
India,IN,en,English,Bio,cognitive behavioural therapy,Therapy approach,300,10000,3200,Instagram + YouTube
India,IN,en,English,Bio,sex therapist,Professional role,300,10000,3200,Instagram + YouTube
India,IN,en,English,Bio,couples therapist,Professional role,300,10000,3200,Instagram + YouTube
India,IN,en,English,Captions,mental health,Mental health,300,10000,3200,Instagram + YouTube
India,IN,en,English,Captions,anxiety,Anxiety,300,10000,3200,Instagram + YouTube
India,IN,en,English,Captions,burnout,Burnout / exhaustion,300,10000,3200,Instagram + YouTube
India,IN,en,English,Captions,loneliness,Loneliness,300,10000,3200,Instagram + YouTube
India,IN,en,English,Captions,emotional regulation,Emotional regulation,300,10000,3200,Instagram + YouTube
India,IN,en,English,Captions,couples communication,Couple / relationships,300,10000,3200,Instagram + YouTube
India,IN,en,English,Captions,parental burnout,Parenting stress,300,10000,3200,Instagram + YouTube
India,IN,en,English,Captions,addiction recovery,Addictions,300,10000,3200,Instagram + YouTube
India,IN,en,English,Captions,mindfulness meditation,Meditation / mindfulness,300,10000,3200,Instagram + YouTube
India,IN,en,English,Captions,breathing exercises,Breathing / coping,300,10000,3200,Instagram + YouTube
India,IN,en,English,Captions,sexual wellbeing,Sexual wellbeing / intimacy,300,10000,3200,Instagram + YouTube
India,IN,en,English,Captions,anxious attachment,Attachment,300,10000,3200,Instagram + YouTube
India,IN,en,English,Captions,relationship advice,Couple / relationships,300,10000,3200,Instagram + YouTube
India,IN,en,English,Captions,quit smoking,Addictions,300,10000,3200,Instagram + YouTube
India,IN,en,English,Captions,sobriety,Addictions,300,10000,3200,Instagram + YouTube
India,IN,en,English,Captions,overthinking,Anxiety,300,10000,3200,Instagram + YouTube
India,IN,en,English,Captions,psychological trauma,Psychological trauma,300,10000,3200,Instagram + YouTube
India,IN,en,English,Captions,self-esteem,Self-esteem,300,10000,3200,Instagram + YouTube
India,IN,hi,Hindi,Bio,मनोवैज्ञानिक,Professional role,300,10000,3200,Instagram + YouTube
India,IN,hi,Hindi,Bio,मनोचिकित्सक,Professional role,300,10000,3200,Instagram + YouTube
India,IN,hi,Hindi,Bio,मनोचिकित्सा,Professional role,300,10000,3200,Instagram + YouTube
India,IN,hi,Hindi,Bio,संज्ञानात्मक व्यवहार थेरेपी,Therapy approach,300,10000,3200,Instagram + YouTube
India,IN,hi,Hindi,Bio,EMDR,Therapy approach,300,10000,3200,Instagram + YouTube
India,IN,hi,Hindi,Captions,मानसिक स्वास्थ्य,Mental health,300,10000,3200,Instagram + YouTube
India,IN,hi,Hindi,Captions,चिंता,Anxiety,300,10000,3200,Instagram + YouTube
India,IN,hi,Hindi,Captions,भावनात्मक थकान,Burnout / exhaustion,300,10000,3200,Instagram + YouTube
India,IN,hi,Hindi,Captions,अकेलापन,Loneliness,300,10000,3200,Instagram + YouTube
India,IN,hi,Hindi,Captions,भावनात्मक नियंत्रण,Emotional regulation,300,10000,3200,Instagram + YouTube
India,IN,hi,Hindi,Captions,वैवाहिक परामर्श,Couple / relationships,300,10000,3200,Instagram + YouTube
India,IN,hi,Hindi,Captions,परवरिश का तनाव,Parenting stress,300,10000,3200,Instagram + YouTube
India,IN,hi,Hindi,Captions,नशा मुक्ति,Addictions,300,10000,3200,Instagram + YouTube
India,IN,hi,Hindi,Captions,माइंडफुलनेस मेडिटेशन,Meditation / mindfulness,300,10000,3200,Instagram + YouTube
India,IN,hi,Hindi,Captions,साँस के व्यायाम,Breathing / coping,300,10000,3200,Instagram + YouTube
India,IN,hi,Hindi,Captions,यौन स्वास्थ्य,Sexual wellbeing / intimacy,300,10000,3200,Instagram + YouTube
India,IN,hi,Hindi,Captions,chinta,Anxiety,300,10000,3200,Instagram + YouTube
India,IN,hi,Hindi,Captions,akelapan,Loneliness,300,10000,3200,Instagram + YouTube
India,IN,hi,Hindi,Captions,मनोवैज्ञानिक आघात,Psychological trauma,300,10000,3200,Instagram + YouTube
India,IN,hi,Hindi,Captions,आत्मसम्मान,Self-esteem,300,10000,3200,Instagram + YouTube
India,IN,bn,Bengali,Bio,মনোবিজ্ঞানী,Professional role,300,10000,3200,Instagram + YouTube
India,IN,bn,Bengali,Bio,মনোরোগ বিশেষজ্ঞ,Professional role,300,10000,3200,Instagram + YouTube
India,IN,bn,Bengali,Bio,সাইকোথেরাপিস্ট,Professional role,300,10000,3200,Instagram + YouTube
India,IN,bn,Bengali,Bio,কগনিটিভ বিহেভিয়ারাল থেরাপি,Therapy approach,300,10000,3200,Instagram + YouTube
India,IN,bn,Bengali,Bio,EMDR,Therapy approach,300,10000,3200,Instagram + YouTube
India,IN,bn,Bengali,Captions,মানসিক স্বাস্থ্য,Mental health,300,10000,3200,Instagram + YouTube
India,IN,bn,Bengali,Captions,উদ্বেগ,Anxiety,300,10000,3200,Instagram + YouTube
India,IN,bn,Bengali,Captions,মানসিক ক্লান্তি,Burnout / exhaustion,300,10000,3200,Instagram + YouTube
India,IN,bn,Bengali,Captions,একাকীত্ব,Loneliness,300,10000,3200,Instagram + YouTube
India,IN,bn,Bengali,Captions,আবেগ নিয়ন্ত্রণ,Emotional regulation,300,10000,3200,Instagram + YouTube
India,IN,bn,Bengali,Captions,দাম্পত্য পরামর্শ,Couple / relationships,300,10000,3200,Instagram + YouTube
India,IN,bn,Bengali,Captions,সন্তান লালন-পালনের চাপ,Parenting stress,300,10000,3200,Instagram + YouTube
India,IN,bn,Bengali,Captions,আসক্তি থেকে মুক্তি,Addictions,300,10000,3200,Instagram + YouTube
India,IN,bn,Bengali,Captions,মাইন্ডফুলনেস মেডিটেশন,Meditation / mindfulness,300,10000,3200,Instagram + YouTube
India,IN,bn,Bengali,Captions,শ্বাসের ব্যায়াম,Breathing / coping,300,10000,3200,Instagram + YouTube
India,IN,bn,Bengali,Captions,যৌন স্বাস্থ্য,Sexual wellbeing / intimacy,300,10000,3200,Instagram + YouTube
India,IN,bn,Bengali,Captions,mansik shastho,Mental health,300,10000,3200,Instagram + YouTube
India,IN,bn,Bengali,Captions,মানসিক আঘাত,Psychological trauma,300,10000,3200,Instagram + YouTube
India,IN,bn,Bengali,Captions,আত্মসম্মান,Self-esteem,300,10000,3200,Instagram + YouTube
India,IN,ur,Urdu,Bio,ماہر نفسیات,Professional role,300,10000,3200,Instagram + YouTube
India,IN,ur,Urdu,Bio,ماہر امراض نفسیات,Professional role,300,10000,3200,Instagram + YouTube
India,IN,ur,Urdu,Bio,سائیکوتھراپسٹ,Professional role,300,10000,3200,Instagram + YouTube
India,IN,ur,Urdu,Bio,کاگنیٹو بیہیویئرل تھراپی,Therapy approach,300,10000,3200,Instagram + YouTube
India,IN,ur,Urdu,Bio,EMDR,Therapy approach,300,10000,3200,Instagram + YouTube
India,IN,ur,Urdu,Captions,ذہنی صحت,Mental health,300,10000,3200,Instagram + YouTube
India,IN,ur,Urdu,Captions,بے چینی,Anxiety,300,10000,3200,Instagram + YouTube
India,IN,ur,Urdu,Captions,ذہنی تھکن,Burnout / exhaustion,300,10000,3200,Instagram + YouTube
India,IN,ur,Urdu,Captions,تنہائی,Loneliness,300,10000,3200,Instagram + YouTube
India,IN,ur,Urdu,Captions,جذبات پر قابو,Emotional regulation,300,10000,3200,Instagram + YouTube
India,IN,ur,Urdu,Captions,ازدواجی مشاورت,Couple / relationships,300,10000,3200,Instagram + YouTube
India,IN,ur,Urdu,Captions,والدین کا ذہنی دباؤ,Parenting stress,300,10000,3200,Instagram + YouTube
India,IN,ur,Urdu,Captions,نشے سے نجات,Addictions,300,10000,3200,Instagram + YouTube
India,IN,ur,Urdu,Captions,مائنڈفلنیس میڈیٹیشن,Meditation / mindfulness,300,10000,3200,Instagram + YouTube
India,IN,ur,Urdu,Captions,سانس کی مشقیں,Breathing / coping,300,10000,3200,Instagram + YouTube
India,IN,ur,Urdu,Captions,جنسی صحت,Sexual wellbeing / intimacy,300,10000,3200,Instagram + YouTube
India,IN,ur,Urdu,Captions,zehni sehat,Mental health,300,10000,3200,Instagram + YouTube
India,IN,ur,Urdu,Captions,tanhai,Loneliness,300,10000,3200,Instagram + YouTube
India,IN,ur,Urdu,Captions,نفسیاتی صدمہ,Psychological trauma,300,10000,3200,Instagram + YouTube
India,IN,ur,Urdu,Captions,خود اعتمادی,Self-esteem,300,10000,3200,Instagram + YouTube
India,IN,te,Telugu,Bio,మనస్తత్వ శాస్త్రవేత్త,Professional role,300,10000,3200,Instagram + YouTube
India,IN,te,Telugu,Bio,మానసిక వైద్యుడు,Professional role,300,10000,3200,Instagram + YouTube
India,IN,te,Telugu,Bio,సైకోథెరపిస్ట్,Professional role,300,10000,3200,Instagram + YouTube
India,IN,te,Telugu,Bio,కాగ్నిటివ్ బిహేవియరల్ థెరపీ,Therapy approach,300,10000,3200,Instagram + YouTube
India,IN,te,Telugu,Bio,EMDR,Therapy approach,300,10000,3200,Instagram + YouTube
India,IN,te,Telugu,Captions,మానసిక ఆరోగ్యం,Mental health,300,10000,3200,Instagram + YouTube
India,IN,te,Telugu,Captions,ఆందోళన,Anxiety,300,10000,3200,Instagram + YouTube
India,IN,te,Telugu,Captions,మానసిక అలసట,Burnout / exhaustion,300,10000,3200,Instagram + YouTube
India,IN,te,Telugu,Captions,ఒంటరితనం,Loneliness,300,10000,3200,Instagram + YouTube
India,IN,te,Telugu,Captions,భావోద్వేగ నియంత్రణ,Emotional regulation,300,10000,3200,Instagram + YouTube
India,IN,te,Telugu,Captions,వైవాహిక కౌన్సెలింగ్,Couple / relationships,300,10000,3200,Instagram + YouTube
India,IN,te,Telugu,Captions,పిల్లల పెంపకంలో ఒత్తిడి,Parenting stress,300,10000,3200,Instagram + YouTube
India,IN,te,Telugu,Captions,వ్యసన విముక్తి,Addictions,300,10000,3200,Instagram + YouTube
India,IN,te,Telugu,Captions,మైండ్‌ఫుల్‌నెస్ ధ్యానం,Meditation / mindfulness,300,10000,3200,Instagram + YouTube
India,IN,te,Telugu,Captions,శ్వాస వ్యాయామాలు,Breathing / coping,300,10000,3200,Instagram + YouTube
India,IN,te,Telugu,Captions,లైంగిక ఆరోగ్యం,Sexual wellbeing / intimacy,300,10000,3200,Instagram + YouTube
India,IN,te,Telugu,Captions,మానసిక గాయం,Psychological trauma,300,10000,3200,Instagram + YouTube
India,IN,te,Telugu,Captions,ఆత్మగౌరవం,Self-esteem,300,10000,3200,Instagram + YouTube
India,IN,ta,Tamil,Bio,உளவியலாளர்,Professional role,300,10000,3200,Instagram + YouTube
India,IN,ta,Tamil,Bio,மனநல மருத்துவர்,Professional role,300,10000,3200,Instagram + YouTube
India,IN,ta,Tamil,Bio,உளவியல் ஆலோசகர்,Professional role,300,10000,3200,Instagram + YouTube
India,IN,ta,Tamil,Bio,அறிவாற்றல் நடத்தை சிகிச்சை,Therapy approach,300,10000,3200,Instagram + YouTube
India,IN,ta,Tamil,Bio,EMDR,Therapy approach,300,10000,3200,Instagram + YouTube
India,IN,ta,Tamil,Captions,மனநலம்,Mental health,300,10000,3200,Instagram + YouTube
India,IN,ta,Tamil,Captions,பதட்டம்,Anxiety,300,10000,3200,Instagram + YouTube
India,IN,ta,Tamil,Captions,பணிச்சோர்வு,Burnout / exhaustion,300,10000,3200,Instagram + YouTube
India,IN,ta,Tamil,Captions,தனிமை,Loneliness,300,10000,3200,Instagram + YouTube
India,IN,ta,Tamil,Captions,உணர்ச்சிக் கட்டுப்பாடு,Emotional regulation,300,10000,3200,Instagram + YouTube
India,IN,ta,Tamil,Captions,திருமண ஆலோசனை,Couple / relationships,300,10000,3200,Instagram + YouTube
India,IN,ta,Tamil,Captions,குழந்தை வளர்ப்பு மன அழுத்தம்,Parenting stress,300,10000,3200,Instagram + YouTube
India,IN,ta,Tamil,Captions,போதைப் பழக்கத்திலிருந்து மீட்பு,Addictions,300,10000,3200,Instagram + YouTube
India,IN,ta,Tamil,Captions,கவனயீர்ப்பு தியானம்,Meditation / mindfulness,300,10000,3200,Instagram + YouTube
India,IN,ta,Tamil,Captions,மூச்சுப் பயிற்சி,Breathing / coping,300,10000,3200,Instagram + YouTube
India,IN,ta,Tamil,Captions,பாலியல் நலம்,Sexual wellbeing / intimacy,300,10000,3200,Instagram + YouTube
India,IN,ta,Tamil,Captions,உளவியல் அதிர்ச்சி,Psychological trauma,300,10000,3200,Instagram + YouTube
India,IN,ta,Tamil,Captions,சுயமரியாதை,Self-esteem,300,10000,3200,Instagram + YouTube
India,IN,mr,Marathi,Bio,मानसशास्त्रज्ञ,Professional role,300,10000,3200,Instagram + YouTube
India,IN,mr,Marathi,Bio,मनोविकारतज्ज्ञ,Professional role,300,10000,3200,Instagram + YouTube
India,IN,mr,Marathi,Bio,मानसोपचारतज्ज्ञ,Professional role,300,10000,3200,Instagram + YouTube
India,IN,mr,Marathi,Bio,संज्ञानात्मक वर्तन उपचार,Therapy approach,300,10000,3200,Instagram + YouTube
India,IN,mr,Marathi,Bio,EMDR,Therapy approach,300,10000,3200,Instagram + YouTube
India,IN,mr,Marathi,Captions,मानसिक आरोग्य,Mental health,300,10000,3200,Instagram + YouTube
India,IN,mr,Marathi,Captions,चिंता,Anxiety,300,10000,3200,Instagram + YouTube
India,IN,mr,Marathi,Captions,भावनिक थकवा,Burnout / exhaustion,300,10000,3200,Instagram + YouTube
India,IN,mr,Marathi,Captions,एकटेपणा,Loneliness,300,10000,3200,Instagram + YouTube
India,IN,mr,Marathi,Captions,भावनांचे नियमन,Emotional regulation,300,10000,3200,Instagram + YouTube
India,IN,mr,Marathi,Captions,वैवाहिक समुपदेशन,Couple / relationships,300,10000,3200,Instagram + YouTube
India,IN,mr,Marathi,Captions,पालकत्वाचा ताण,Parenting stress,300,10000,3200,Instagram + YouTube
India,IN,mr,Marathi,Captions,व्यसनमुक्ती,Addictions,300,10000,3200,Instagram + YouTube
India,IN,mr,Marathi,Captions,सजग ध्यान,Meditation / mindfulness,300,10000,3200,Instagram + YouTube
India,IN,mr,Marathi,Captions,श्वसनाचे व्यायाम,Breathing / coping,300,10000,3200,Instagram + YouTube
India,IN,mr,Marathi,Captions,लैंगिक आरोग्य,Sexual wellbeing / intimacy,300,10000,3200,Instagram + YouTube
India,IN,mr,Marathi,Captions,मानसिक आघात,Psychological trauma,300,10000,3200,Instagram + YouTube
India,IN,mr,Marathi,Captions,आत्मसन्मान,Self-esteem,300,10000,3200,Instagram + YouTube
India,IN,gu,Gujarati,Bio,મનોવૈજ્ઞાનિક,Professional role,300,10000,3200,Instagram + YouTube
India,IN,gu,Gujarati,Bio,મનોચિકિત્સક,Professional role,300,10000,3200,Instagram + YouTube
India,IN,gu,Gujarati,Bio,મનોવિજ્ઞાની,Professional role,300,10000,3200,Instagram + YouTube
India,IN,gu,Gujarati,Bio,કોગ્નિટિવ બિહેવિયરલ થેરાપી,Therapy approach,300,10000,3200,Instagram + YouTube
India,IN,gu,Gujarati,Bio,EMDR,Therapy approach,300,10000,3200,Instagram + YouTube
India,IN,gu,Gujarati,Captions,માનસિક સ્વાસ્થ્ય,Mental health,300,10000,3200,Instagram + YouTube
India,IN,gu,Gujarati,Captions,ચિંતા,Anxiety,300,10000,3200,Instagram + YouTube
India,IN,gu,Gujarati,Captions,માનસિક થાક,Burnout / exhaustion,300,10000,3200,Instagram + YouTube
India,IN,gu,Gujarati,Captions,એકલતા,Loneliness,300,10000,3200,Instagram + YouTube
India,IN,gu,Gujarati,Captions,લાગણીઓનું નિયંત્રણ,Emotional regulation,300,10000,3200,Instagram + YouTube
India,IN,gu,Gujarati,Captions,લગ્નજીવનનું કાઉન્સેલિંગ,Couple / relationships,300,10000,3200,Instagram + YouTube
India,IN,gu,Gujarati,Captions,વાલીપણાનો તણાવ,Parenting stress,300,10000,3200,Instagram + YouTube
India,IN,gu,Gujarati,Captions,વ્યસનમુક્તિ,Addictions,300,10000,3200,Instagram + YouTube
India,IN,gu,Gujarati,Captions,માઇન્ડફુલનેસ મેડિટેશન,Meditation / mindfulness,300,10000,3200,Instagram + YouTube
India,IN,gu,Gujarati,Captions,શ્વાસની કસરતો,Breathing / coping,300,10000,3200,Instagram + YouTube
India,IN,gu,Gujarati,Captions,જાતીય સ્વાસ્થ્ય,Sexual wellbeing / intimacy,300,10000,3200,Instagram + YouTube
India,IN,gu,Gujarati,Captions,માનસિક આઘાત,Psychological trauma,300,10000,3200,Instagram + YouTube
India,IN,gu,Gujarati,Captions,આત્મસન્માન,Self-esteem,300,10000,3200,Instagram + YouTube
India,IN,kn,Kannada,Bio,ಮನಶ್ಶಾಸ್ತ್ರಜ್ಞ,Professional role,300,10000,3200,Instagram + YouTube
India,IN,kn,Kannada,Bio,ಮನೋವೈದ್ಯ,Professional role,300,10000,3200,Instagram + YouTube
India,IN,kn,Kannada,Bio,ಮನೋಚಿಕಿತ್ಸಕ,Professional role,300,10000,3200,Instagram + YouTube
India,IN,kn,Kannada,Bio,ಕಾಗ್ನಿಟಿವ್ ಬಿಹೇವಿಯರಲ್ ಥೆರಪಿ,Therapy approach,300,10000,3200,Instagram + YouTube
India,IN,kn,Kannada,Bio,EMDR,Therapy approach,300,10000,3200,Instagram + YouTube
India,IN,kn,Kannada,Captions,ಮಾನಸಿಕ ಆರೋಗ್ಯ,Mental health,300,10000,3200,Instagram + YouTube
India,IN,kn,Kannada,Captions,ಆತಂಕ,Anxiety,300,10000,3200,Instagram + YouTube
India,IN,kn,Kannada,Captions,ಮಾನಸಿಕ ಆಯಾಸ,Burnout / exhaustion,300,10000,3200,Instagram + YouTube
India,IN,kn,Kannada,Captions,ಒಂಟಿತನ,Loneliness,300,10000,3200,Instagram + YouTube
India,IN,kn,Kannada,Captions,ಭಾವನಾತ್ಮಕ ನಿಯಂತ್ರಣ,Emotional regulation,300,10000,3200,Instagram + YouTube
India,IN,kn,Kannada,Captions,ದಾಂಪತ್ಯ ಸಮಾಲೋಚನೆ,Couple / relationships,300,10000,3200,Instagram + YouTube
India,IN,kn,Kannada,Captions,ಪೋಷಕತ್ವದ ಒತ್ತಡ,Parenting stress,300,10000,3200,Instagram + YouTube
India,IN,kn,Kannada,Captions,ವ್ಯಸನಮುಕ್ತಿ,Addictions,300,10000,3200,Instagram + YouTube
India,IN,kn,Kannada,Captions,ಮೈಂಡ್‌ಫುಲ್‌ನೆಸ್ ಧ್ಯಾನ,Meditation / mindfulness,300,10000,3200,Instagram + YouTube
India,IN,kn,Kannada,Captions,ಉಸಿರಾಟದ ವ್ಯಾಯಾಮ,Breathing / coping,300,10000,3200,Instagram + YouTube
India,IN,kn,Kannada,Captions,ಲೈಂಗಿಕ ಆರೋಗ್ಯ,Sexual wellbeing / intimacy,300,10000,3200,Instagram + YouTube
India,IN,kn,Kannada,Captions,ಮಾನಸಿಕ ಆಘಾತ,Psychological trauma,300,10000,3200,Instagram + YouTube
India,IN,kn,Kannada,Captions,ಆತ್ಮಗೌರವ,Self-esteem,300,10000,3200,Instagram + YouTube
Brazil,BR,pt-BR,Portuguese (Brazil),Bio,psicólogo,Professional role,300,10000,2550,
Brazil,BR,pt-BR,Portuguese (Brazil),Bio,psicóloga,Professional role,300,10000,2550,
Brazil,BR,pt-BR,Portuguese (Brazil),Bio,psicologo,Professional role,300,10000,2550,
Brazil,BR,pt-BR,Portuguese (Brazil),Bio,psicologa,Professional role,300,10000,2550,
Brazil,BR,pt-BR,Portuguese (Brazil),Bio,psiquiatra,Professional role,300,10000,2550,
Brazil,BR,pt-BR,Portuguese (Brazil),Bio,psicoterapeuta,Professional role,300,10000,2550,
Brazil,BR,pt-BR,Portuguese (Brazil),Bio,terapia cognitivo comportamental,Therapy approach,300,10000,2550,
Brazil,BR,pt-BR,Portuguese (Brazil),Bio,EMDR,Therapy approach,300,10000,2550,
Brazil,BR,pt-BR,Portuguese (Brazil),Bio,TCC,Therapy approach,300,10000,2550,
Brazil,BR,pt-BR,Portuguese (Brazil),Bio,sexólogo,Professional role,300,10000,2550,
Brazil,BR,pt-BR,Portuguese (Brazil),Bio,sexóloga,Professional role,300,10000,2550,
Brazil,BR,pt-BR,Portuguese (Brazil),Captions,saúde mental,Mental health,300,10000,2550,
Brazil,BR,pt-BR,Portuguese (Brazil),Captions,ansiedade,Anxiety,300,10000,2550,
Brazil,BR,pt-BR,Portuguese (Brazil),Captions,esgotamento emocional,Burnout / exhaustion,300,10000,2550,
Brazil,BR,pt-BR,Portuguese (Brazil),Captions,solidão,Loneliness,300,10000,2550,
Brazil,BR,pt-BR,Portuguese (Brazil),Captions,regulação emocional,Emotional regulation,300,10000,2550,
Brazil,BR,pt-BR,Portuguese (Brazil),Captions,terapia de casal,Couple / relationships,300,10000,2550,
Brazil,BR,pt-BR,Portuguese (Brazil),Captions,esgotamento materno,Parenting stress,300,10000,2550,
Brazil,BR,pt-BR,Portuguese (Brazil),Captions,dependência química,Addictions,300,10000,2550,
Brazil,BR,pt-BR,Portuguese (Brazil),Captions,meditação mindfulness,Meditation / mindfulness,300,10000,2550,
Brazil,BR,pt-BR,Portuguese (Brazil),Captions,exercícios de respiração,Breathing / coping,300,10000,2550,
Brazil,BR,pt-BR,Portuguese (Brazil),Captions,bem-estar sexual,Sexual wellbeing / intimacy,300,10000,2550,
Brazil,BR,pt-BR,Portuguese (Brazil),Captions,burnout,Burnout / exhaustion,300,10000,2550,
Brazil,BR,pt-BR,Portuguese (Brazil),Captions,apego ansioso,Attachment,300,10000,2550,
Brazil,BR,pt-BR,Portuguese (Brazil),Captions,regulação das emoções,Emotional regulation,300,10000,2550,
Brazil,BR,pt-BR,Portuguese (Brazil),Captions,parar de fumar,Addictions,300,10000,2550,
Brazil,BR,pt-BR,Portuguese (Brazil),Captions,trauma psicológico,Psychological trauma,300,10000,2550,
Brazil,BR,pt-BR,Portuguese (Brazil),Captions,autoestima,Self-esteem,300,10000,2550,
Indonesia,ID,id,Indonesian,Bio,psikolog,Professional role,300,10000,2300,
Indonesia,ID,id,Indonesian,Bio,psikiater,Professional role,300,10000,2300,
Indonesia,ID,id,Indonesian,Bio,psikoterapis,Professional role,300,10000,2300,
Indonesia,ID,id,Indonesian,Bio,konselor kesehatan mental,Professional role,300,10000,2300,
Indonesia,ID,id,Indonesian,Bio,terapi perilaku kognitif,Therapy approach,300,10000,2300,
Indonesia,ID,id,Indonesian,Bio,EMDR,Therapy approach,300,10000,2300,
Indonesia,ID,id,Indonesian,Captions,kesehatan mental,Mental health,300,10000,2300,
Indonesia,ID,id,Indonesian,Captions,kecemasan,Anxiety,300,10000,2300,
Indonesia,ID,id,Indonesian,Captions,kelelahan emosional,Burnout / exhaustion,300,10000,2300,
Indonesia,ID,id,Indonesian,Captions,kesepian,Loneliness,300,10000,2300,
Indonesia,ID,id,Indonesian,Captions,regulasi emosi,Emotional regulation,300,10000,2300,
Indonesia,ID,id,Indonesian,Captions,terapi pasangan,Couple / relationships,300,10000,2300,
Indonesia,ID,id,Indonesian,Captions,stres pengasuhan,Parenting stress,300,10000,2300,
Indonesia,ID,id,Indonesian,Captions,pemulihan kecanduan,Addictions,300,10000,2300,
Indonesia,ID,id,Indonesian,Captions,meditasi mindfulness,Meditation / mindfulness,300,10000,2300,
Indonesia,ID,id,Indonesian,Captions,latihan pernapasan,Breathing / coping,300,10000,2300,
Indonesia,ID,id,Indonesian,Captions,kesehatan seksual,Sexual wellbeing / intimacy,300,10000,2300,
Indonesia,ID,id,Indonesian,Captions,overthinking,Anxiety,300,10000,2300,
Indonesia,ID,id,Indonesian,Captions,trauma psikologis,Psychological trauma,300,10000,2300,
Indonesia,ID,id,Indonesian,Captions,harga diri,Self-esteem,300,10000,2300,
Indonesia,ID,id,Indonesian,Captions,keterikatan cemas,Attachment,300,10000,2300,
Mexico,MX,es,Spanish,Bio,psicólogo,Professional role,300,10000,1650,
Mexico,MX,es,Spanish,Bio,psicóloga,Professional role,300,10000,1650,
Mexico,MX,es,Spanish,Bio,psicologo,Professional role,300,10000,1650,
Mexico,MX,es,Spanish,Bio,psicologa,Professional role,300,10000,1650,
Mexico,MX,es,Spanish,Bio,psiquiatra,Professional role,300,10000,1650,
Mexico,MX,es,Spanish,Bio,psicoterapeuta,Professional role,300,10000,1650,
Mexico,MX,es,Spanish,Bio,terapia cognitivo conductual,Therapy approach,300,10000,1650,
Mexico,MX,es,Spanish,Bio,EMDR,Therapy approach,300,10000,1650,
Mexico,MX,es,Spanish,Bio,TCC,Therapy approach,300,10000,1650,
Mexico,MX,es,Spanish,Bio,sexólogo,Professional role,300,10000,1650,
Mexico,MX,es,Spanish,Bio,sexóloga,Professional role,300,10000,1650,
Mexico,MX,es,Spanish,Captions,salud mental,Mental health,300,10000,1650,
Mexico,MX,es,Spanish,Captions,ansiedad,Anxiety,300,10000,1650,
Mexico,MX,es,Spanish,Captions,agotamiento emocional,Burnout / exhaustion,300,10000,1650,
Mexico,MX,es,Spanish,Captions,soledad,Loneliness,300,10000,1650,
Mexico,MX,es,Spanish,Captions,regulación emocional,Emotional regulation,300,10000,1650,
Mexico,MX,es,Spanish,Captions,terapia de pareja,Couple / relationships,300,10000,1650,
Mexico,MX,es,Spanish,Captions,agotamiento parental,Parenting stress,300,10000,1650,
Mexico,MX,es,Spanish,Captions,adicciones,Addictions,300,10000,1650,
Mexico,MX,es,Spanish,Captions,meditación mindfulness,Meditation / mindfulness,300,10000,1650,
Mexico,MX,es,Spanish,Captions,ejercicios de respiración,Breathing / coping,300,10000,1650,
Mexico,MX,es,Spanish,Captions,bienestar sexual,Sexual wellbeing / intimacy,300,10000,1650,
Mexico,MX,es,Spanish,Captions,burnout,Burnout / exhaustion,300,10000,1650,
Mexico,MX,es,Spanish,Captions,apego ansioso,Attachment,300,10000,1650,
Mexico,MX,es,Spanish,Captions,crianza respetuosa,Parenting / emotions,300,10000,1650,
Mexico,MX,es,Spanish,Captions,dejar de fumar,Addictions,300,10000,1650,
Mexico,MX,es,Spanish,Captions,trauma psicológico,Psychological trauma,300,10000,1650,
Mexico,MX,es,Spanish,Captions,autoestima,Self-esteem,300,10000,1650,
Turkey,TR,tr,Turkish,Bio,psikolog,Professional role,300,10000,1250,
Turkey,TR,tr,Turkish,Bio,psikiyatrist,Professional role,300,10000,1250,
Turkey,TR,tr,Turkish,Bio,psikoterapist,Professional role,300,10000,1250,
Turkey,TR,tr,Turkish,Bio,psikolojik danışman,Professional role,300,10000,1250,
Turkey,TR,tr,Turkish,Bio,bilişsel davranışçı terapi,Therapy approach,300,10000,1250,
Turkey,TR,tr,Turkish,Bio,EMDR,Therapy approach,300,10000,1250,
Turkey,TR,tr,Turkish,Captions,ruh sağlığı,Mental health,300,10000,1250,
Turkey,TR,tr,Turkish,Captions,anksiyete,Anxiety,300,10000,1250,
Turkey,TR,tr,Turkish,Captions,tükenmişlik,Burnout / exhaustion,300,10000,1250,
Turkey,TR,tr,Turkish,Captions,yalnızlık,Loneliness,300,10000,1250,
Turkey,TR,tr,Turkish,Captions,duygu düzenleme,Emotional regulation,300,10000,1250,
Turkey,TR,tr,Turkish,Captions,çift terapisi,Couple / relationships,300,10000,1250,
Turkey,TR,tr,Turkish,Captions,ebeveyn tükenmişliği,Parenting stress,300,10000,1250,
Turkey,TR,tr,Turkish,Captions,bağımlılık,Addictions,300,10000,1250,
Turkey,TR,tr,Turkish,Captions,farkındalık meditasyonu,Meditation / mindfulness,300,10000,1250,
Turkey,TR,tr,Turkish,Captions,nefes egzersizleri,Breathing / coping,300,10000,1250,
Turkey,TR,tr,Turkish,Captions,cinsel sağlık,Sexual wellbeing / intimacy,300,10000,1250,
Turkey,TR,tr,Turkish,Captions,psikolojik travma,Psychological trauma,300,10000,1250,
Turkey,TR,tr,Turkish,Captions,özsaygı,Self-esteem,300,10000,1250,
Turkey,TR,tr,Turkish,Captions,kaygılı bağlanma,Attachment,300,10000,1250,
Pakistan,PK,en,English,Bio,psychologist,Professional role,300,10000,1150,
Pakistan,PK,en,English,Bio,psychiatrist,Professional role,300,10000,1150,
Pakistan,PK,en,English,Bio,psychotherapist,Professional role,300,10000,1150,
Pakistan,PK,en,English,Bio,mental health counselor,Professional role,300,10000,1150,
Pakistan,PK,en,English,Bio,mental health counsellor,Professional role,300,10000,1150,
Pakistan,PK,en,English,Bio,cognitive behavioral therapy,Therapy approach,300,10000,1150,
Pakistan,PK,en,English,Bio,EMDR,Therapy approach,300,10000,1150,
Pakistan,PK,en,English,Bio,CBT,Therapy approach,300,10000,1150,
Pakistan,PK,en,English,Bio,cognitive behavioural therapy,Therapy approach,300,10000,1150,
Pakistan,PK,en,English,Bio,sex therapist,Professional role,300,10000,1150,
Pakistan,PK,en,English,Bio,couples therapist,Professional role,300,10000,1150,
Pakistan,PK,en,English,Captions,mental health,Mental health,300,10000,1150,
Pakistan,PK,en,English,Captions,anxiety,Anxiety,300,10000,1150,
Pakistan,PK,en,English,Captions,burnout,Burnout / exhaustion,300,10000,1150,
Pakistan,PK,en,English,Captions,loneliness,Loneliness,300,10000,1150,
Pakistan,PK,en,English,Captions,emotional regulation,Emotional regulation,300,10000,1150,
Pakistan,PK,en,English,Captions,couples communication,Couple / relationships,300,10000,1150,
Pakistan,PK,en,English,Captions,parental burnout,Parenting stress,300,10000,1150,
Pakistan,PK,en,English,Captions,addiction recovery,Addictions,300,10000,1150,
Pakistan,PK,en,English,Captions,mindfulness meditation,Meditation / mindfulness,300,10000,1150,
Pakistan,PK,en,English,Captions,breathing exercises,Breathing / coping,300,10000,1150,
Pakistan,PK,en,English,Captions,sexual wellbeing,Sexual wellbeing / intimacy,300,10000,1150,
Pakistan,PK,en,English,Captions,anxious attachment,Attachment,300,10000,1150,
Pakistan,PK,en,English,Captions,relationship advice,Couple / relationships,300,10000,1150,
Pakistan,PK,en,English,Captions,quit smoking,Addictions,300,10000,1150,
Pakistan,PK,en,English,Captions,sobriety,Addictions,300,10000,1150,
Pakistan,PK,en,English,Captions,overthinking,Anxiety,300,10000,1150,
Pakistan,PK,en,English,Captions,psychological trauma,Psychological trauma,300,10000,1150,
Pakistan,PK,en,English,Captions,self-esteem,Self-esteem,300,10000,1150,
Pakistan,PK,ur,Urdu,Bio,ماہر نفسیات,Professional role,300,10000,1150,
Pakistan,PK,ur,Urdu,Bio,ماہر امراض نفسیات,Professional role,300,10000,1150,
Pakistan,PK,ur,Urdu,Bio,سائیکوتھراپسٹ,Professional role,300,10000,1150,
Pakistan,PK,ur,Urdu,Bio,کاگنیٹو بیہیویئرل تھراپی,Therapy approach,300,10000,1150,
Pakistan,PK,ur,Urdu,Bio,EMDR,Therapy approach,300,10000,1150,
Pakistan,PK,ur,Urdu,Captions,ذہنی صحت,Mental health,300,10000,1150,
Pakistan,PK,ur,Urdu,Captions,بے چینی,Anxiety,300,10000,1150,
Pakistan,PK,ur,Urdu,Captions,ذہنی تھکن,Burnout / exhaustion,300,10000,1150,
Pakistan,PK,ur,Urdu,Captions,تنہائی,Loneliness,300,10000,1150,
Pakistan,PK,ur,Urdu,Captions,جذبات پر قابو,Emotional regulation,300,10000,1150,
Pakistan,PK,ur,Urdu,Captions,ازدواجی مشاورت,Couple / relationships,300,10000,1150,
Pakistan,PK,ur,Urdu,Captions,والدین کا ذہنی دباؤ,Parenting stress,300,10000,1150,
Pakistan,PK,ur,Urdu,Captions,نشے سے نجات,Addictions,300,10000,1150,
Pakistan,PK,ur,Urdu,Captions,مائنڈفلنیس میڈیٹیشن,Meditation / mindfulness,300,10000,1150,
Pakistan,PK,ur,Urdu,Captions,سانس کی مشقیں,Breathing / coping,300,10000,1150,
Pakistan,PK,ur,Urdu,Captions,جنسی صحت,Sexual wellbeing / intimacy,300,10000,1150,
Pakistan,PK,ur,Urdu,Captions,zehni sehat,Mental health,300,10000,1150,
Pakistan,PK,ur,Urdu,Captions,tanhai,Loneliness,300,10000,1150,
Pakistan,PK,ur,Urdu,Captions,نفسیاتی صدمہ,Psychological trauma,300,10000,1150,
Pakistan,PK,ur,Urdu,Captions,خود اعتمادی,Self-esteem,300,10000,1150,
Philippines,PH,en,English,Bio,psychologist,Professional role,300,10000,1150,
Philippines,PH,en,English,Bio,psychiatrist,Professional role,300,10000,1150,
Philippines,PH,en,English,Bio,psychotherapist,Professional role,300,10000,1150,
Philippines,PH,en,English,Bio,mental health counselor,Professional role,300,10000,1150,
Philippines,PH,en,English,Bio,mental health counsellor,Professional role,300,10000,1150,
Philippines,PH,en,English,Bio,cognitive behavioral therapy,Therapy approach,300,10000,1150,
Philippines,PH,en,English,Bio,EMDR,Therapy approach,300,10000,1150,
Philippines,PH,en,English,Bio,CBT,Therapy approach,300,10000,1150,
Philippines,PH,en,English,Bio,cognitive behavioural therapy,Therapy approach,300,10000,1150,
Philippines,PH,en,English,Bio,sex therapist,Professional role,300,10000,1150,
Philippines,PH,en,English,Bio,couples therapist,Professional role,300,10000,1150,
Philippines,PH,en,English,Captions,mental health,Mental health,300,10000,1150,
Philippines,PH,en,English,Captions,anxiety,Anxiety,300,10000,1150,
Philippines,PH,en,English,Captions,burnout,Burnout / exhaustion,300,10000,1150,
Philippines,PH,en,English,Captions,loneliness,Loneliness,300,10000,1150,
Philippines,PH,en,English,Captions,emotional regulation,Emotional regulation,300,10000,1150,
Philippines,PH,en,English,Captions,couples communication,Couple / relationships,300,10000,1150,
Philippines,PH,en,English,Captions,parental burnout,Parenting stress,300,10000,1150,
Philippines,PH,en,English,Captions,addiction recovery,Addictions,300,10000,1150,
Philippines,PH,en,English,Captions,mindfulness meditation,Meditation / mindfulness,300,10000,1150,
Philippines,PH,en,English,Captions,breathing exercises,Breathing / coping,300,10000,1150,
Philippines,PH,en,English,Captions,sexual wellbeing,Sexual wellbeing / intimacy,300,10000,1150,
Philippines,PH,en,English,Captions,anxious attachment,Attachment,300,10000,1150,
Philippines,PH,en,English,Captions,relationship advice,Couple / relationships,300,10000,1150,
Philippines,PH,en,English,Captions,quit smoking,Addictions,300,10000,1150,
Philippines,PH,en,English,Captions,sobriety,Addictions,300,10000,1150,
Philippines,PH,en,English,Captions,overthinking,Anxiety,300,10000,1150,
Philippines,PH,en,English,Captions,psychological trauma,Psychological trauma,300,10000,1150,
Philippines,PH,en,English,Captions,self-esteem,Self-esteem,300,10000,1150,
Philippines,PH,tl,Filipino / Tagalog,Bio,sikolohista,Professional role,300,10000,1150,
Philippines,PH,tl,Filipino / Tagalog,Bio,sikiyatrista,Professional role,300,10000,1150,
Philippines,PH,tl,Filipino / Tagalog,Bio,psychologist,Professional role,300,10000,1150,
Philippines,PH,tl,Filipino / Tagalog,Bio,psychotherapist,Professional role,300,10000,1150,
Philippines,PH,tl,Filipino / Tagalog,Bio,cognitive behavioral therapy,Therapy approach,300,10000,1150,
Philippines,PH,tl,Filipino / Tagalog,Bio,EMDR,Therapy approach,300,10000,1150,
Philippines,PH,tl,Filipino / Tagalog,Captions,kalusugang pangkaisipan,Mental health,300,10000,1150,
Philippines,PH,tl,Filipino / Tagalog,Captions,pagkabalisa,Anxiety,300,10000,1150,
Philippines,PH,tl,Filipino / Tagalog,Captions,pagkapagod sa trabaho,Burnout / exhaustion,300,10000,1150,
Philippines,PH,tl,Filipino / Tagalog,Captions,kalungkutan,Loneliness,300,10000,1150,
Philippines,PH,tl,Filipino / Tagalog,Captions,pagkontrol ng emosyon,Emotional regulation,300,10000,1150,
Philippines,PH,tl,Filipino / Tagalog,Captions,payo sa relasyon,Couple / relationships,300,10000,1150,
Philippines,PH,tl,Filipino / Tagalog,Captions,stress sa pagiging magulang,Parenting stress,300,10000,1150,
Philippines,PH,tl,Filipino / Tagalog,Captions,pagbangon mula sa adiksyon,Addictions,300,10000,1150,
Philippines,PH,tl,Filipino / Tagalog,Captions,mindfulness meditation,Meditation / mindfulness,300,10000,1150,
Philippines,PH,tl,Filipino / Tagalog,Captions,ehersisyo sa paghinga,Breathing / coping,300,10000,1150,
Philippines,PH,tl,Filipino / Tagalog,Captions,kalusugang sekswal,Sexual wellbeing / intimacy,300,10000,1150,
Philippines,PH,tl,Filipino / Tagalog,Captions,mental health,Mental health,300,10000,1150,
Philippines,PH,tl,Filipino / Tagalog,Captions,sikolohikal na trauma,Psychological trauma,300,10000,1150,
Philippines,PH,tl,Filipino / Tagalog,Captions,pagpapahalaga sa sarili,Self-esteem,300,10000,1150,
Philippines,PH,tl,Filipino / Tagalog,Captions,anxious attachment,Attachment,300,10000,1150,
Japan,JP,ja,Japanese,Bio,公認心理師,Professional role,300,10000,1150,
Japan,JP,ja,Japanese,Bio,臨床心理士,Professional role,300,10000,1150,
Japan,JP,ja,Japanese,Bio,精神科医,Professional role,300,10000,1150,
Japan,JP,ja,Japanese,Bio,心理カウンセラー,Professional role,300,10000,1150,
Japan,JP,ja,Japanese,Bio,認知行動療法,Therapy approach,300,10000,1150,
Japan,JP,ja,Japanese,Bio,EMDR,Therapy approach,300,10000,1150,
Japan,JP,ja,Japanese,Captions,メンタルヘルス,Mental health,300,10000,1150,
Japan,JP,ja,Japanese,Captions,不安障害,Anxiety,300,10000,1150,
Japan,JP,ja,Japanese,Captions,燃え尽き症候群,Burnout / exhaustion,300,10000,1150,
Japan,JP,ja,Japanese,Captions,孤独感,Loneliness,300,10000,1150,
Japan,JP,ja,Japanese,Captions,感情調整,Emotional regulation,300,10000,1150,
Japan,JP,ja,Japanese,Captions,夫婦カウンセリング,Couple / relationships,300,10000,1150,
Japan,JP,ja,Japanese,Captions,育児ストレス,Parenting stress,300,10000,1150,
Japan,JP,ja,Japanese,Captions,依存症からの回復,Addictions,300,10000,1150,
Japan,JP,ja,Japanese,Captions,マインドフルネス瞑想,Meditation / mindfulness,300,10000,1150,
Japan,JP,ja,Japanese,Captions,呼吸法,Breathing / coping,300,10000,1150,
Japan,JP,ja,Japanese,Captions,セクシュアルウェルネス,Sexual wellbeing / intimacy,300,10000,1150,
Japan,JP,ja,Japanese,Captions,心的外傷,Psychological trauma,300,10000,1150,
Japan,JP,ja,Japanese,Captions,自尊心,Self-esteem,300,10000,1150,
Japan,JP,ja,Japanese,Captions,不安型愛着,Attachment,300,10000,1150,
Egypt,EG,ar,Arabic,Bio,أخصائي نفسي,Professional role,300,10000,1000,
Egypt,EG,ar,Arabic,Bio,أخصائية نفسية,Professional role,300,10000,1000,
Egypt,EG,ar,Arabic,Bio,اخصائي نفسي,Professional role,300,10000,1000,
Egypt,EG,ar,Arabic,Bio,طبيب نفسي,Professional role,300,10000,1000,
Egypt,EG,ar,Arabic,Bio,طبيبة نفسية,Professional role,300,10000,1000,
Egypt,EG,ar,Arabic,Bio,معالج نفسي,Professional role,300,10000,1000,
Egypt,EG,ar,Arabic,Bio,معالجة نفسية,Professional role,300,10000,1000,
Egypt,EG,ar,Arabic,Bio,العلاج المعرفي السلوكي,Therapy approach,300,10000,1000,
Egypt,EG,ar,Arabic,Bio,EMDR,Therapy approach,300,10000,1000,
Egypt,EG,ar,Arabic,Captions,الصحة النفسية,Mental health,300,10000,1000,
Egypt,EG,ar,Arabic,Captions,القلق,Anxiety,300,10000,1000,
Egypt,EG,ar,Arabic,Captions,الاحتراق النفسي,Burnout / exhaustion,300,10000,1000,
Egypt,EG,ar,Arabic,Captions,الشعور بالوحدة,Loneliness,300,10000,1000,
Egypt,EG,ar,Arabic,Captions,تنظيم المشاعر,Emotional regulation,300,10000,1000,
Egypt,EG,ar,Arabic,Captions,العلاقات الزوجية,Couple / relationships,300,10000,1000,
Egypt,EG,ar,Arabic,Captions,الإرهاق الوالدي,Parenting stress,300,10000,1000,
Egypt,EG,ar,Arabic,Captions,التعافي من الإدمان,Addictions,300,10000,1000,
Egypt,EG,ar,Arabic,Captions,التأمل الواعي,Meditation / mindfulness,300,10000,1000,
Egypt,EG,ar,Arabic,Captions,تمارين التنفس,Breathing / coping,300,10000,1000,
Egypt,EG,ar,Arabic,Captions,الصحة الجنسية,Sexual wellbeing / intimacy,300,10000,1000,
Egypt,EG,ar,Arabic,Captions,الصدمة النفسية,Psychological trauma,300,10000,1000,
Egypt,EG,ar,Arabic,Captions,تقدير الذات,Self-esteem,300,10000,1000,
Egypt,EG,ar,Arabic,Captions,التعلق القلق,Attachment,300,10000,1000,
Colombia,CO,es,Spanish,Bio,psicólogo,Professional role,300,10000,850,
Colombia,CO,es,Spanish,Bio,psicóloga,Professional role,300,10000,850,
Colombia,CO,es,Spanish,Bio,psicologo,Professional role,300,10000,850,
Colombia,CO,es,Spanish,Bio,psicologa,Professional role,300,10000,850,
Colombia,CO,es,Spanish,Bio,psiquiatra,Professional role,300,10000,850,
Colombia,CO,es,Spanish,Bio,psicoterapeuta,Professional role,300,10000,850,
Colombia,CO,es,Spanish,Bio,terapia cognitivo conductual,Therapy approach,300,10000,850,
Colombia,CO,es,Spanish,Bio,EMDR,Therapy approach,300,10000,850,
Colombia,CO,es,Spanish,Bio,TCC,Therapy approach,300,10000,850,
Colombia,CO,es,Spanish,Bio,sexólogo,Professional role,300,10000,850,
Colombia,CO,es,Spanish,Bio,sexóloga,Professional role,300,10000,850,
Colombia,CO,es,Spanish,Captions,salud mental,Mental health,300,10000,850,
Colombia,CO,es,Spanish,Captions,ansiedad,Anxiety,300,10000,850,
Colombia,CO,es,Spanish,Captions,agotamiento emocional,Burnout / exhaustion,300,10000,850,
Colombia,CO,es,Spanish,Captions,soledad,Loneliness,300,10000,850,
Colombia,CO,es,Spanish,Captions,regulación emocional,Emotional regulation,300,10000,850,
Colombia,CO,es,Spanish,Captions,terapia de pareja,Couple / relationships,300,10000,850,
Colombia,CO,es,Spanish,Captions,agotamiento parental,Parenting stress,300,10000,850,
Colombia,CO,es,Spanish,Captions,adicciones,Addictions,300,10000,850,
Colombia,CO,es,Spanish,Captions,meditación mindfulness,Meditation / mindfulness,300,10000,850,
Colombia,CO,es,Spanish,Captions,ejercicios de respiración,Breathing / coping,300,10000,850,
Colombia,CO,es,Spanish,Captions,bienestar sexual,Sexual wellbeing / intimacy,300,10000,850,
Colombia,CO,es,Spanish,Captions,burnout,Burnout / exhaustion,300,10000,850,
Colombia,CO,es,Spanish,Captions,apego ansioso,Attachment,300,10000,850,
Colombia,CO,es,Spanish,Captions,crianza respetuosa,Parenting / emotions,300,10000,850,
Colombia,CO,es,Spanish,Captions,dejar de fumar,Addictions,300,10000,850,
Colombia,CO,es,Spanish,Captions,trauma psicológico,Psychological trauma,300,10000,850,
Colombia,CO,es,Spanish,Captions,autoestima,Self-esteem,300,10000,850,
United Kingdom,GB,en,English,Bio,psychologist,Professional role,300,10000,850,
United Kingdom,GB,en,English,Bio,psychiatrist,Professional role,300,10000,850,
United Kingdom,GB,en,English,Bio,psychotherapist,Professional role,300,10000,850,
United Kingdom,GB,en,English,Bio,mental health counselor,Professional role,300,10000,850,
United Kingdom,GB,en,English,Bio,mental health counsellor,Professional role,300,10000,850,
United Kingdom,GB,en,English,Bio,cognitive behavioral therapy,Therapy approach,300,10000,850,
United Kingdom,GB,en,English,Bio,EMDR,Therapy approach,300,10000,850,
United Kingdom,GB,en,English,Bio,CBT,Therapy approach,300,10000,850,
United Kingdom,GB,en,English,Bio,cognitive behavioural therapy,Therapy approach,300,10000,850,
United Kingdom,GB,en,English,Bio,sex therapist,Professional role,300,10000,850,
United Kingdom,GB,en,English,Bio,couples therapist,Professional role,300,10000,850,
United Kingdom,GB,en,English,Captions,mental health,Mental health,300,10000,850,
United Kingdom,GB,en,English,Captions,anxiety,Anxiety,300,10000,850,
United Kingdom,GB,en,English,Captions,burnout,Burnout / exhaustion,300,10000,850,
United Kingdom,GB,en,English,Captions,loneliness,Loneliness,300,10000,850,
United Kingdom,GB,en,English,Captions,emotional regulation,Emotional regulation,300,10000,850,
United Kingdom,GB,en,English,Captions,couples communication,Couple / relationships,300,10000,850,
United Kingdom,GB,en,English,Captions,parental burnout,Parenting stress,300,10000,850,
United Kingdom,GB,en,English,Captions,addiction recovery,Addictions,300,10000,850,
United Kingdom,GB,en,English,Captions,mindfulness meditation,Meditation / mindfulness,300,10000,850,
United Kingdom,GB,en,English,Captions,breathing exercises,Breathing / coping,300,10000,850,
United Kingdom,GB,en,English,Captions,sexual wellbeing,Sexual wellbeing / intimacy,300,10000,850,
United Kingdom,GB,en,English,Captions,anxious attachment,Attachment,300,10000,850,
United Kingdom,GB,en,English,Captions,relationship advice,Couple / relationships,300,10000,850,
United Kingdom,GB,en,English,Captions,quit smoking,Addictions,300,10000,850,
United Kingdom,GB,en,English,Captions,sobriety,Addictions,300,10000,850,
United Kingdom,GB,en,English,Captions,overthinking,Anxiety,300,10000,850,
United Kingdom,GB,en,English,Captions,psychological trauma,Psychological trauma,300,10000,850,
United Kingdom,GB,en,English,Captions,self-esteem,Self-esteem,300,10000,850,
Germany,DE,de,German,Bio,Psychologe,Professional role,300,10000,850,
Germany,DE,de,German,Bio,Psychologin,Professional role,300,10000,850,
Germany,DE,de,German,Bio,Psychiater,Professional role,300,10000,850,
Germany,DE,de,German,Bio,Psychiaterin,Professional role,300,10000,850,
Germany,DE,de,German,Bio,Psychotherapeut,Professional role,300,10000,850,
Germany,DE,de,German,Bio,Psychotherapeutin,Professional role,300,10000,850,
Germany,DE,de,German,Bio,kognitive Verhaltenstherapie,Therapy approach,300,10000,850,
Germany,DE,de,German,Bio,EMDR,Therapy approach,300,10000,850,
Germany,DE,de,German,Bio,Verhaltenstherapie,Therapy approach,300,10000,850,
Germany,DE,de,German,Bio,Sexualtherapeut,Professional role,300,10000,850,
Germany,DE,de,German,Bio,Sexualtherapeutin,Professional role,300,10000,850,
Germany,DE,de,German,Captions,psychische Gesundheit,Mental health,300,10000,850,
Germany,DE,de,German,Captions,Angststörung,Anxiety,300,10000,850,
Germany,DE,de,German,Captions,Burnout,Burnout / exhaustion,300,10000,850,
Germany,DE,de,German,Captions,Einsamkeit,Loneliness,300,10000,850,
Germany,DE,de,German,Captions,Emotionsregulation,Emotional regulation,300,10000,850,
Germany,DE,de,German,Captions,Paartherapie,Couple / relationships,300,10000,850,
Germany,DE,de,German,Captions,Elternburnout,Parenting stress,300,10000,850,
Germany,DE,de,German,Captions,Suchtbewältigung,Addictions,300,10000,850,
Germany,DE,de,German,Captions,Achtsamkeitsmeditation,Meditation / mindfulness,300,10000,850,
Germany,DE,de,German,Captions,Atemübungen,Breathing / coping,300,10000,850,
Germany,DE,de,German,Captions,sexuelles Wohlbefinden,Sexual wellbeing / intimacy,300,10000,850,
Germany,DE,de,German,Captions,Angst,Anxiety,300,10000,850,
Germany,DE,de,German,Captions,rauchfrei,Addictions,300,10000,850,
Germany,DE,de,German,Captions,psychisches Trauma,Psychological trauma,300,10000,850,
Germany,DE,de,German,Captions,Selbstwertgefühl,Self-esteem,300,10000,850,
Germany,DE,de,German,Captions,ängstlicher Bindungsstil,Attachment,300,10000,850,
Bangladesh,BD,bn,Bengali,Bio,মনোবিজ্ঞানী,Professional role,300,10000,800,
Bangladesh,BD,bn,Bengali,Bio,মনোরোগ বিশেষজ্ঞ,Professional role,300,10000,800,
Bangladesh,BD,bn,Bengali,Bio,সাইকোথেরাপিস্ট,Professional role,300,10000,800,
Bangladesh,BD,bn,Bengali,Bio,কগনিটিভ বিহেভিয়ারাল থেরাপি,Therapy approach,300,10000,800,
Bangladesh,BD,bn,Bengali,Bio,EMDR,Therapy approach,300,10000,800,
Bangladesh,BD,bn,Bengali,Captions,মানসিক স্বাস্থ্য,Mental health,300,10000,800,
Bangladesh,BD,bn,Bengali,Captions,উদ্বেগ,Anxiety,300,10000,800,
Bangladesh,BD,bn,Bengali,Captions,মানসিক ক্লান্তি,Burnout / exhaustion,300,10000,800,
Bangladesh,BD,bn,Bengali,Captions,একাকীত্ব,Loneliness,300,10000,800,
Bangladesh,BD,bn,Bengali,Captions,আবেগ নিয়ন্ত্রণ,Emotional regulation,300,10000,800,
Bangladesh,BD,bn,Bengali,Captions,দাম্পত্য পরামর্শ,Couple / relationships,300,10000,800,
Bangladesh,BD,bn,Bengali,Captions,সন্তান লালন-পালনের চাপ,Parenting stress,300,10000,800,
Bangladesh,BD,bn,Bengali,Captions,আসক্তি থেকে মুক্তি,Addictions,300,10000,800,
Bangladesh,BD,bn,Bengali,Captions,মাইন্ডফুলনেস মেডিটেশন,Meditation / mindfulness,300,10000,800,
Bangladesh,BD,bn,Bengali,Captions,শ্বাসের ব্যায়াম,Breathing / coping,300,10000,800,
Bangladesh,BD,bn,Bengali,Captions,যৌন স্বাস্থ্য,Sexual wellbeing / intimacy,300,10000,800,
Bangladesh,BD,bn,Bengali,Captions,mansik shastho,Mental health,300,10000,800,
Bangladesh,BD,bn,Bengali,Captions,মানসিক আঘাত,Psychological trauma,300,10000,800,
Bangladesh,BD,bn,Bengali,Captions,আত্মসম্মান,Self-esteem,300,10000,800,
Argentina,AR,es,Spanish,Bio,psicólogo,Professional role,300,10000,800,
Argentina,AR,es,Spanish,Bio,psicóloga,Professional role,300,10000,800,
Argentina,AR,es,Spanish,Bio,psicologo,Professional role,300,10000,800,
Argentina,AR,es,Spanish,Bio,psicologa,Professional role,300,10000,800,
Argentina,AR,es,Spanish,Bio,psiquiatra,Professional role,300,10000,800,
Argentina,AR,es,Spanish,Bio,psicoterapeuta,Professional role,300,10000,800,
Argentina,AR,es,Spanish,Bio,terapia cognitivo conductual,Therapy approach,300,10000,800,
Argentina,AR,es,Spanish,Bio,EMDR,Therapy approach,300,10000,800,
Argentina,AR,es,Spanish,Bio,TCC,Therapy approach,300,10000,800,
Argentina,AR,es,Spanish,Bio,sexólogo,Professional role,300,10000,800,
Argentina,AR,es,Spanish,Bio,sexóloga,Professional role,300,10000,800,
Argentina,AR,es,Spanish,Captions,salud mental,Mental health,300,10000,800,
Argentina,AR,es,Spanish,Captions,ansiedad,Anxiety,300,10000,800,
Argentina,AR,es,Spanish,Captions,agotamiento emocional,Burnout / exhaustion,300,10000,800,
Argentina,AR,es,Spanish,Captions,soledad,Loneliness,300,10000,800,
Argentina,AR,es,Spanish,Captions,regulación emocional,Emotional regulation,300,10000,800,
Argentina,AR,es,Spanish,Captions,terapia de pareja,Couple / relationships,300,10000,800,
Argentina,AR,es,Spanish,Captions,agotamiento parental,Parenting stress,300,10000,800,
Argentina,AR,es,Spanish,Captions,adicciones,Addictions,300,10000,800,
Argentina,AR,es,Spanish,Captions,meditación mindfulness,Meditation / mindfulness,300,10000,800,
Argentina,AR,es,Spanish,Captions,ejercicios de respiración,Breathing / coping,300,10000,800,
Argentina,AR,es,Spanish,Captions,bienestar sexual,Sexual wellbeing / intimacy,300,10000,800,
Argentina,AR,es,Spanish,Captions,burnout,Burnout / exhaustion,300,10000,800,
Argentina,AR,es,Spanish,Captions,apego ansioso,Attachment,300,10000,800,
Argentina,AR,es,Spanish,Captions,crianza respetuosa,Parenting / emotions,300,10000,800,
Argentina,AR,es,Spanish,Captions,dejar de fumar,Addictions,300,10000,800,
Argentina,AR,es,Spanish,Captions,trauma psicológico,Psychological trauma,300,10000,800,
Argentina,AR,es,Spanish,Captions,autoestima,Self-esteem,300,10000,800,
Thailand,TH,th,Thai,Bio,นักจิตวิทยา,Professional role,300,10000,750,
Thailand,TH,th,Thai,Bio,จิตแพทย์,Professional role,300,10000,750,
Thailand,TH,th,Thai,Bio,นักจิตบำบัด,Professional role,300,10000,750,
Thailand,TH,th,Thai,Bio,การบำบัดความคิดและพฤติกรรม,Therapy approach,300,10000,750,
Thailand,TH,th,Thai,Bio,EMDR,Therapy approach,300,10000,750,
Thailand,TH,th,Thai,Captions,สุขภาพจิต,Mental health,300,10000,750,
Thailand,TH,th,Thai,Captions,ความวิตกกังวล,Anxiety,300,10000,750,
Thailand,TH,th,Thai,Captions,ภาวะหมดไฟ,Burnout / exhaustion,300,10000,750,
Thailand,TH,th,Thai,Captions,ความเหงา,Loneliness,300,10000,750,
Thailand,TH,th,Thai,Captions,การควบคุมอารมณ์,Emotional regulation,300,10000,750,
Thailand,TH,th,Thai,Captions,การให้คำปรึกษาคู่รัก,Couple / relationships,300,10000,750,
Thailand,TH,th,Thai,Captions,ความเครียดในการเลี้ยงลูก,Parenting stress,300,10000,750,
Thailand,TH,th,Thai,Captions,การฟื้นฟูจากการเสพติด,Addictions,300,10000,750,
Thailand,TH,th,Thai,Captions,การฝึกสติ,Meditation / mindfulness,300,10000,750,
Thailand,TH,th,Thai,Captions,ฝึกหายใจ,Breathing / coping,300,10000,750,
Thailand,TH,th,Thai,Captions,สุขภาวะทางเพศ,Sexual wellbeing / intimacy,300,10000,750,
Thailand,TH,th,Thai,Captions,บาดแผลทางใจ,Psychological trauma,300,10000,750,
Thailand,TH,th,Thai,Captions,การเห็นคุณค่าในตนเอง,Self-esteem,300,10000,750,
Thailand,TH,th,Thai,Captions,ความผูกพันแบบวิตกกังวล,Attachment,300,10000,750,
France,FR,fr,French,Bio,psychologue,Professional role,300,10000,800,
France,FR,fr,French,Bio,psychiatre,Professional role,300,10000,800,
France,FR,fr,French,Bio,psychothérapeute,Professional role,300,10000,800,
France,FR,fr,French,Bio,psychotherapeute,Professional role,300,10000,800,
France,FR,fr,French,Bio,thérapie cognitive et comportementale,Therapy approach,300,10000,800,
France,FR,fr,French,Bio,EMDR,Therapy approach,300,10000,800,
France,FR,fr,French,Bio,TCC,Therapy approach,300,10000,800,
France,FR,fr,French,Bio,sexologue,Professional role,300,10000,800,
France,FR,fr,French,Bio,thérapeute de couple,Professional role,300,10000,800,
France,FR,fr,French,Captions,santé mentale,Mental health,300,10000,800,
France,FR,fr,French,Captions,anxiété,Anxiety,300,10000,800,
France,FR,fr,French,Captions,burnout,Burnout / exhaustion,300,10000,800,
France,FR,fr,French,Captions,solitude,Loneliness,300,10000,800,
France,FR,fr,French,Captions,régulation émotionnelle,Emotional regulation,300,10000,800,
France,FR,fr,French,Captions,communication dans le couple,Couple / relationships,300,10000,800,
France,FR,fr,French,Captions,burnout parental,Parenting stress,300,10000,800,
France,FR,fr,French,Captions,addictions,Addictions,300,10000,800,
France,FR,fr,French,Captions,méditation de pleine conscience,Meditation / mindfulness,300,10000,800,
France,FR,fr,French,Captions,exercices de respiration,Breathing / coping,300,10000,800,
France,FR,fr,French,Captions,bien-être sexuel,Sexual wellbeing / intimacy,300,10000,800,
France,FR,fr,French,Captions,angoisse,Anxiety,300,10000,800,
France,FR,fr,French,Captions,attachement anxieux,Attachment,300,10000,800,
France,FR,fr,French,Captions,cohérence cardiaque,Breathing / coping,300,10000,800,
France,FR,fr,French,Captions,charge mentale,Parenting / stress,300,10000,800,
France,FR,fr,French,Captions,arrêter de fumer,Addictions,300,10000,800,
France,FR,fr,French,Captions,sobriété,Addictions,300,10000,800,
France,FR,fr,French,Captions,traumatisme psychologique,Psychological trauma,300,10000,800,
France,FR,fr,French,Captions,estime de soi,Self-esteem,300,10000,800,
Vietnam,VN,vi,Vietnamese,Bio,nhà tâm lý học,Professional role,300,10000,800,
Vietnam,VN,vi,Vietnamese,Bio,chuyên gia tâm lý,Professional role,300,10000,800,
Vietnam,VN,vi,Vietnamese,Bio,bác sĩ tâm thần,Professional role,300,10000,800,
Vietnam,VN,vi,Vietnamese,Bio,chuyên gia trị liệu tâm lý,Professional role,300,10000,800,
Vietnam,VN,vi,Vietnamese,Bio,liệu pháp nhận thức hành vi,Therapy approach,300,10000,800,
Vietnam,VN,vi,Vietnamese,Bio,EMDR,Therapy approach,300,10000,800,
Vietnam,VN,vi,Vietnamese,Captions,sức khỏe tinh thần,Mental health,300,10000,800,
Vietnam,VN,vi,Vietnamese,Captions,lo âu,Anxiety,300,10000,800,
Vietnam,VN,vi,Vietnamese,Captions,kiệt sức,Burnout / exhaustion,300,10000,800,
Vietnam,VN,vi,Vietnamese,Captions,cô đơn,Loneliness,300,10000,800,
Vietnam,VN,vi,Vietnamese,Captions,điều hòa cảm xúc,Emotional regulation,300,10000,800,
Vietnam,VN,vi,Vietnamese,Captions,tư vấn hôn nhân,Couple / relationships,300,10000,800,
Vietnam,VN,vi,Vietnamese,Captions,căng thẳng khi nuôi con,Parenting stress,300,10000,800,
Vietnam,VN,vi,Vietnamese,Captions,phục hồi nghiện,Addictions,300,10000,800,
Vietnam,VN,vi,Vietnamese,Captions,thiền chánh niệm,Meditation / mindfulness,300,10000,800,
Vietnam,VN,vi,Vietnamese,Captions,bài tập thở,Breathing / coping,300,10000,800,
Vietnam,VN,vi,Vietnamese,Captions,sức khỏe tình dục,Sexual wellbeing / intimacy,300,10000,800,
Vietnam,VN,vi,Vietnamese,Captions,sang chấn tâm lý,Psychological trauma,300,10000,800,
Vietnam,VN,vi,Vietnamese,Captions,lòng tự trọng,Self-esteem,300,10000,800,
Vietnam,VN,vi,Vietnamese,Captions,gắn bó lo âu,Attachment,300,10000,800,
Saudi Arabia,SA,en,English,Bio,psychologist,Professional role,300,10000,750,
Saudi Arabia,SA,en,English,Bio,psychiatrist,Professional role,300,10000,750,
Saudi Arabia,SA,en,English,Bio,psychotherapist,Professional role,300,10000,750,
Saudi Arabia,SA,en,English,Bio,mental health counselor,Professional role,300,10000,750,
Saudi Arabia,SA,en,English,Bio,mental health counsellor,Professional role,300,10000,750,
Saudi Arabia,SA,en,English,Bio,cognitive behavioral therapy,Therapy approach,300,10000,750,
Saudi Arabia,SA,en,English,Bio,EMDR,Therapy approach,300,10000,750,
Saudi Arabia,SA,en,English,Bio,CBT,Therapy approach,300,10000,750,
Saudi Arabia,SA,en,English,Bio,cognitive behavioural therapy,Therapy approach,300,10000,750,
Saudi Arabia,SA,en,English,Bio,sex therapist,Professional role,300,10000,750,
Saudi Arabia,SA,en,English,Bio,couples therapist,Professional role,300,10000,750,
Saudi Arabia,SA,en,English,Captions,mental health,Mental health,300,10000,750,
Saudi Arabia,SA,en,English,Captions,anxiety,Anxiety,300,10000,750,
Saudi Arabia,SA,en,English,Captions,burnout,Burnout / exhaustion,300,10000,750,
Saudi Arabia,SA,en,English,Captions,loneliness,Loneliness,300,10000,750,
Saudi Arabia,SA,en,English,Captions,emotional regulation,Emotional regulation,300,10000,750,
Saudi Arabia,SA,en,English,Captions,couples communication,Couple / relationships,300,10000,750,
Saudi Arabia,SA,en,English,Captions,parental burnout,Parenting stress,300,10000,750,
Saudi Arabia,SA,en,English,Captions,addiction recovery,Addictions,300,10000,750,
Saudi Arabia,SA,en,English,Captions,mindfulness meditation,Meditation / mindfulness,300,10000,750,
Saudi Arabia,SA,en,English,Captions,breathing exercises,Breathing / coping,300,10000,750,
Saudi Arabia,SA,en,English,Captions,sexual wellbeing,Sexual wellbeing / intimacy,300,10000,750,
Saudi Arabia,SA,en,English,Captions,anxious attachment,Attachment,300,10000,750,
Saudi Arabia,SA,en,English,Captions,relationship advice,Couple / relationships,300,10000,750,
Saudi Arabia,SA,en,English,Captions,quit smoking,Addictions,300,10000,750,
Saudi Arabia,SA,en,English,Captions,sobriety,Addictions,300,10000,750,
Saudi Arabia,SA,en,English,Captions,overthinking,Anxiety,300,10000,750,
Saudi Arabia,SA,en,English,Captions,psychological trauma,Psychological trauma,300,10000,750,
Saudi Arabia,SA,en,English,Captions,self-esteem,Self-esteem,300,10000,750,
Saudi Arabia,SA,ar,Arabic,Bio,أخصائي نفسي,Professional role,300,10000,750,
Saudi Arabia,SA,ar,Arabic,Bio,أخصائية نفسية,Professional role,300,10000,750,
Saudi Arabia,SA,ar,Arabic,Bio,اخصائي نفسي,Professional role,300,10000,750,
Saudi Arabia,SA,ar,Arabic,Bio,طبيب نفسي,Professional role,300,10000,750,
Saudi Arabia,SA,ar,Arabic,Bio,طبيبة نفسية,Professional role,300,10000,750,
Saudi Arabia,SA,ar,Arabic,Bio,معالج نفسي,Professional role,300,10000,750,
Saudi Arabia,SA,ar,Arabic,Bio,معالجة نفسية,Professional role,300,10000,750,
Saudi Arabia,SA,ar,Arabic,Bio,العلاج المعرفي السلوكي,Therapy approach,300,10000,750,
Saudi Arabia,SA,ar,Arabic,Bio,EMDR,Therapy approach,300,10000,750,
Saudi Arabia,SA,ar,Arabic,Captions,الصحة النفسية,Mental health,300,10000,750,
Saudi Arabia,SA,ar,Arabic,Captions,القلق,Anxiety,300,10000,750,
Saudi Arabia,SA,ar,Arabic,Captions,الاحتراق النفسي,Burnout / exhaustion,300,10000,750,
Saudi Arabia,SA,ar,Arabic,Captions,الشعور بالوحدة,Loneliness,300,10000,750,
Saudi Arabia,SA,ar,Arabic,Captions,تنظيم المشاعر,Emotional regulation,300,10000,750,
Saudi Arabia,SA,ar,Arabic,Captions,العلاقات الزوجية,Couple / relationships,300,10000,750,
Saudi Arabia,SA,ar,Arabic,Captions,الإرهاق الوالدي,Parenting stress,300,10000,750,
Saudi Arabia,SA,ar,Arabic,Captions,التعافي من الإدمان,Addictions,300,10000,750,
Saudi Arabia,SA,ar,Arabic,Captions,التأمل الواعي,Meditation / mindfulness,300,10000,750,
Saudi Arabia,SA,ar,Arabic,Captions,تمارين التنفس,Breathing / coping,300,10000,750,
Saudi Arabia,SA,ar,Arabic,Captions,الصحة الجنسية,Sexual wellbeing / intimacy,300,10000,750,
Saudi Arabia,SA,ar,Arabic,Captions,الصدمة النفسية,Psychological trauma,300,10000,750,
Saudi Arabia,SA,ar,Arabic,Captions,تقدير الذات,Self-esteem,300,10000,750,
Saudi Arabia,SA,ar,Arabic,Captions,التعلق القلق,Attachment,300,10000,750,
Italy,IT,it,Italian,Bio,psicologo,Professional role,300,10000,700,
Italy,IT,it,Italian,Bio,psicologa,Professional role,300,10000,700,
Italy,IT,it,Italian,Bio,psichiatra,Professional role,300,10000,700,
Italy,IT,it,Italian,Bio,psicoterapeuta,Professional role,300,10000,700,
Italy,IT,it,Italian,Bio,terapia cognitivo comportamentale,Therapy approach,300,10000,700,
Italy,IT,it,Italian,Bio,EMDR,Therapy approach,300,10000,700,
Italy,IT,it,Italian,Bio,sessuologo,Professional role,300,10000,700,
Italy,IT,it,Italian,Bio,sessuologa,Professional role,300,10000,700,
Italy,IT,it,Italian,Captions,salute mentale,Mental health,300,10000,700,
Italy,IT,it,Italian,Captions,ansia,Anxiety,300,10000,700,
Italy,IT,it,Italian,Captions,esaurimento emotivo,Burnout / exhaustion,300,10000,700,
Italy,IT,it,Italian,Captions,solitudine,Loneliness,300,10000,700,
Italy,IT,it,Italian,Captions,regolazione emotiva,Emotional regulation,300,10000,700,
Italy,IT,it,Italian,Captions,terapia di coppia,Couple / relationships,300,10000,700,
Italy,IT,it,Italian,Captions,burnout genitoriale,Parenting stress,300,10000,700,
Italy,IT,it,Italian,Captions,dipendenze,Addictions,300,10000,700,
Italy,IT,it,Italian,Captions,meditazione mindfulness,Meditation / mindfulness,300,10000,700,
Italy,IT,it,Italian,Captions,esercizi di respirazione,Breathing / coping,300,10000,700,
Italy,IT,it,Italian,Captions,benessere sessuale,Sexual wellbeing / intimacy,300,10000,700,
Italy,IT,it,Italian,Captions,burnout,Burnout / exhaustion,300,10000,700,
Italy,IT,it,Italian,Captions,trauma psicologico,Psychological trauma,300,10000,700,
Italy,IT,it,Italian,Captions,autostima,Self-esteem,300,10000,700,
Italy,IT,it,Italian,Captions,attaccamento ansioso,Attachment,300,10000,700,
Nigeria,NG,en,English,Bio,psychologist,Professional role,300,10000,750,
Nigeria,NG,en,English,Bio,psychiatrist,Professional role,300,10000,750,
Nigeria,NG,en,English,Bio,psychotherapist,Professional role,300,10000,750,
Nigeria,NG,en,English,Bio,mental health counselor,Professional role,300,10000,750,
Nigeria,NG,en,English,Bio,mental health counsellor,Professional role,300,10000,750,
Nigeria,NG,en,English,Bio,cognitive behavioral therapy,Therapy approach,300,10000,750,
Nigeria,NG,en,English,Bio,EMDR,Therapy approach,300,10000,750,
Nigeria,NG,en,English,Bio,CBT,Therapy approach,300,10000,750,
Nigeria,NG,en,English,Bio,cognitive behavioural therapy,Therapy approach,300,10000,750,
Nigeria,NG,en,English,Bio,sex therapist,Professional role,300,10000,750,
Nigeria,NG,en,English,Bio,couples therapist,Professional role,300,10000,750,
Nigeria,NG,en,English,Captions,mental health,Mental health,300,10000,750,
Nigeria,NG,en,English,Captions,anxiety,Anxiety,300,10000,750,
Nigeria,NG,en,English,Captions,burnout,Burnout / exhaustion,300,10000,750,
Nigeria,NG,en,English,Captions,loneliness,Loneliness,300,10000,750,
Nigeria,NG,en,English,Captions,emotional regulation,Emotional regulation,300,10000,750,
Nigeria,NG,en,English,Captions,couples communication,Couple / relationships,300,10000,750,
Nigeria,NG,en,English,Captions,parental burnout,Parenting stress,300,10000,750,
Nigeria,NG,en,English,Captions,addiction recovery,Addictions,300,10000,750,
Nigeria,NG,en,English,Captions,mindfulness meditation,Meditation / mindfulness,300,10000,750,
Nigeria,NG,en,English,Captions,breathing exercises,Breathing / coping,300,10000,750,
Nigeria,NG,en,English,Captions,sexual wellbeing,Sexual wellbeing / intimacy,300,10000,750,
Nigeria,NG,en,English,Captions,anxious attachment,Attachment,300,10000,750,
Nigeria,NG,en,English,Captions,relationship advice,Couple / relationships,300,10000,750,
Nigeria,NG,en,English,Captions,quit smoking,Addictions,300,10000,750,
Nigeria,NG,en,English,Captions,sobriety,Addictions,300,10000,750,
Nigeria,NG,en,English,Captions,overthinking,Anxiety,300,10000,750,
Nigeria,NG,en,English,Captions,psychological trauma,Psychological trauma,300,10000,750,
Nigeria,NG,en,English,Captions,self-esteem,Self-esteem,300,10000,750,
Spain,ES,es,Spanish,Bio,psicólogo,Professional role,300,10000,700,
Spain,ES,es,Spanish,Bio,psicóloga,Professional role,300,10000,700,
Spain,ES,es,Spanish,Bio,psicologo,Professional role,300,10000,700,
Spain,ES,es,Spanish,Bio,psicologa,Professional role,300,10000,700,
Spain,ES,es,Spanish,Bio,psiquiatra,Professional role,300,10000,700,
Spain,ES,es,Spanish,Bio,psicoterapeuta,Professional role,300,10000,700,
Spain,ES,es,Spanish,Bio,terapia cognitivo conductual,Therapy approach,300,10000,700,
Spain,ES,es,Spanish,Bio,EMDR,Therapy approach,300,10000,700,
Spain,ES,es,Spanish,Bio,TCC,Therapy approach,300,10000,700,
Spain,ES,es,Spanish,Bio,sexólogo,Professional role,300,10000,700,
Spain,ES,es,Spanish,Bio,sexóloga,Professional role,300,10000,700,
Spain,ES,es,Spanish,Captions,salud mental,Mental health,300,10000,700,
Spain,ES,es,Spanish,Captions,ansiedad,Anxiety,300,10000,700,
Spain,ES,es,Spanish,Captions,agotamiento emocional,Burnout / exhaustion,300,10000,700,
Spain,ES,es,Spanish,Captions,soledad,Loneliness,300,10000,700,
Spain,ES,es,Spanish,Captions,regulación emocional,Emotional regulation,300,10000,700,
Spain,ES,es,Spanish,Captions,terapia de pareja,Couple / relationships,300,10000,700,
Spain,ES,es,Spanish,Captions,agotamiento parental,Parenting stress,300,10000,700,
Spain,ES,es,Spanish,Captions,adicciones,Addictions,300,10000,700,
Spain,ES,es,Spanish,Captions,meditación mindfulness,Meditation / mindfulness,300,10000,700,
Spain,ES,es,Spanish,Captions,ejercicios de respiración,Breathing / coping,300,10000,700,
Spain,ES,es,Spanish,Captions,bienestar sexual,Sexual wellbeing / intimacy,300,10000,700,
Spain,ES,es,Spanish,Captions,burnout,Burnout / exhaustion,300,10000,700,
Spain,ES,es,Spanish,Captions,apego ansioso,Attachment,300,10000,700,
Spain,ES,es,Spanish,Captions,crianza respetuosa,Parenting / emotions,300,10000,700,
Spain,ES,es,Spanish,Captions,dejar de fumar,Addictions,300,10000,700,
Spain,ES,es,Spanish,Captions,trauma psicológico,Psychological trauma,300,10000,700,
Spain,ES,es,Spanish,Captions,autoestima,Self-esteem,300,10000,700,
Peru,PE,es,Spanish,Bio,psicólogo,Professional role,300,10000,550,
Peru,PE,es,Spanish,Bio,psicóloga,Professional role,300,10000,550,
Peru,PE,es,Spanish,Bio,psicologo,Professional role,300,10000,550,
Peru,PE,es,Spanish,Bio,psicologa,Professional role,300,10000,550,
Peru,PE,es,Spanish,Bio,psiquiatra,Professional role,300,10000,550,
Peru,PE,es,Spanish,Bio,psicoterapeuta,Professional role,300,10000,550,
Peru,PE,es,Spanish,Bio,terapia cognitivo conductual,Therapy approach,300,10000,550,
Peru,PE,es,Spanish,Bio,EMDR,Therapy approach,300,10000,550,
Peru,PE,es,Spanish,Bio,TCC,Therapy approach,300,10000,550,
Peru,PE,es,Spanish,Bio,sexólogo,Professional role,300,10000,550,
Peru,PE,es,Spanish,Bio,sexóloga,Professional role,300,10000,550,
Peru,PE,es,Spanish,Captions,salud mental,Mental health,300,10000,550,
Peru,PE,es,Spanish,Captions,ansiedad,Anxiety,300,10000,550,
Peru,PE,es,Spanish,Captions,agotamiento emocional,Burnout / exhaustion,300,10000,550,
Peru,PE,es,Spanish,Captions,soledad,Loneliness,300,10000,550,
Peru,PE,es,Spanish,Captions,regulación emocional,Emotional regulation,300,10000,550,
Peru,PE,es,Spanish,Captions,terapia de pareja,Couple / relationships,300,10000,550,
Peru,PE,es,Spanish,Captions,agotamiento parental,Parenting stress,300,10000,550,
Peru,PE,es,Spanish,Captions,adicciones,Addictions,300,10000,550,
Peru,PE,es,Spanish,Captions,meditación mindfulness,Meditation / mindfulness,300,10000,550,
Peru,PE,es,Spanish,Captions,ejercicios de respiración,Breathing / coping,300,10000,550,
Peru,PE,es,Spanish,Captions,bienestar sexual,Sexual wellbeing / intimacy,300,10000,550,
Peru,PE,es,Spanish,Captions,burnout,Burnout / exhaustion,300,10000,550,
Peru,PE,es,Spanish,Captions,apego ansioso,Attachment,300,10000,550,
Peru,PE,es,Spanish,Captions,crianza respetuosa,Parenting / emotions,300,10000,550,
Peru,PE,es,Spanish,Captions,dejar de fumar,Addictions,300,10000,550,
Peru,PE,es,Spanish,Captions,trauma psicológico,Psychological trauma,300,10000,550,
Peru,PE,es,Spanish,Captions,autoestima,Self-esteem,300,10000,550,
Malaysia,MY,en,English,Bio,psychologist,Professional role,300,10000,600,
Malaysia,MY,en,English,Bio,psychiatrist,Professional role,300,10000,600,
Malaysia,MY,en,English,Bio,psychotherapist,Professional role,300,10000,600,
Malaysia,MY,en,English,Bio,mental health counselor,Professional role,300,10000,600,
Malaysia,MY,en,English,Bio,mental health counsellor,Professional role,300,10000,600,
Malaysia,MY,en,English,Bio,cognitive behavioral therapy,Therapy approach,300,10000,600,
Malaysia,MY,en,English,Bio,EMDR,Therapy approach,300,10000,600,
Malaysia,MY,en,English,Bio,CBT,Therapy approach,300,10000,600,
Malaysia,MY,en,English,Bio,cognitive behavioural therapy,Therapy approach,300,10000,600,
Malaysia,MY,en,English,Bio,sex therapist,Professional role,300,10000,600,
Malaysia,MY,en,English,Bio,couples therapist,Professional role,300,10000,600,
Malaysia,MY,en,English,Captions,mental health,Mental health,300,10000,600,
Malaysia,MY,en,English,Captions,anxiety,Anxiety,300,10000,600,
Malaysia,MY,en,English,Captions,burnout,Burnout / exhaustion,300,10000,600,
Malaysia,MY,en,English,Captions,loneliness,Loneliness,300,10000,600,
Malaysia,MY,en,English,Captions,emotional regulation,Emotional regulation,300,10000,600,
Malaysia,MY,en,English,Captions,couples communication,Couple / relationships,300,10000,600,
Malaysia,MY,en,English,Captions,parental burnout,Parenting stress,300,10000,600,
Malaysia,MY,en,English,Captions,addiction recovery,Addictions,300,10000,600,
Malaysia,MY,en,English,Captions,mindfulness meditation,Meditation / mindfulness,300,10000,600,
Malaysia,MY,en,English,Captions,breathing exercises,Breathing / coping,300,10000,600,
Malaysia,MY,en,English,Captions,sexual wellbeing,Sexual wellbeing / intimacy,300,10000,600,
Malaysia,MY,en,English,Captions,anxious attachment,Attachment,300,10000,600,
Malaysia,MY,en,English,Captions,relationship advice,Couple / relationships,300,10000,600,
Malaysia,MY,en,English,Captions,quit smoking,Addictions,300,10000,600,
Malaysia,MY,en,English,Captions,sobriety,Addictions,300,10000,600,
Malaysia,MY,en,English,Captions,overthinking,Anxiety,300,10000,600,
Malaysia,MY,en,English,Captions,psychological trauma,Psychological trauma,300,10000,600,
Malaysia,MY,en,English,Captions,self-esteem,Self-esteem,300,10000,600,
Malaysia,MY,ta,Tamil,Bio,உளவியலாளர்,Professional role,300,10000,600,
Malaysia,MY,ta,Tamil,Bio,மனநல மருத்துவர்,Professional role,300,10000,600,
Malaysia,MY,ta,Tamil,Bio,உளவியல் ஆலோசகர்,Professional role,300,10000,600,
Malaysia,MY,ta,Tamil,Bio,அறிவாற்றல் நடத்தை சிகிச்சை,Therapy approach,300,10000,600,
Malaysia,MY,ta,Tamil,Bio,EMDR,Therapy approach,300,10000,600,
Malaysia,MY,ta,Tamil,Captions,மனநலம்,Mental health,300,10000,600,
Malaysia,MY,ta,Tamil,Captions,பதட்டம்,Anxiety,300,10000,600,
Malaysia,MY,ta,Tamil,Captions,பணிச்சோர்வு,Burnout / exhaustion,300,10000,600,
Malaysia,MY,ta,Tamil,Captions,தனிமை,Loneliness,300,10000,600,
Malaysia,MY,ta,Tamil,Captions,உணர்ச்சிக் கட்டுப்பாடு,Emotional regulation,300,10000,600,
Malaysia,MY,ta,Tamil,Captions,திருமண ஆலோசனை,Couple / relationships,300,10000,600,
Malaysia,MY,ta,Tamil,Captions,குழந்தை வளர்ப்பு மன அழுத்தம்,Parenting stress,300,10000,600,
Malaysia,MY,ta,Tamil,Captions,போதைப் பழக்கத்திலிருந்து மீட்பு,Addictions,300,10000,600,
Malaysia,MY,ta,Tamil,Captions,கவனயீர்ப்பு தியானம்,Meditation / mindfulness,300,10000,600,
Malaysia,MY,ta,Tamil,Captions,மூச்சுப் பயிற்சி,Breathing / coping,300,10000,600,
Malaysia,MY,ta,Tamil,Captions,பாலியல் நலம்,Sexual wellbeing / intimacy,300,10000,600,
Malaysia,MY,ta,Tamil,Captions,உளவியல் அதிர்ச்சி,Psychological trauma,300,10000,600,
Malaysia,MY,ta,Tamil,Captions,சுயமரியாதை,Self-esteem,300,10000,600,
Malaysia,MY,zh,Simplified Chinese,Bio,心理咨询师,Professional role,300,10000,600,
Malaysia,MY,zh,Simplified Chinese,Bio,临床心理师,Professional role,300,10000,600,
Malaysia,MY,zh,Simplified Chinese,Bio,精神科医生,Professional role,300,10000,600,
Malaysia,MY,zh,Simplified Chinese,Bio,心理辅导员,Professional role,300,10000,600,
Malaysia,MY,zh,Simplified Chinese,Bio,认知行为疗法,Therapy approach,300,10000,600,
Malaysia,MY,zh,Simplified Chinese,Bio,EMDR,Therapy approach,300,10000,600,
Malaysia,MY,zh,Simplified Chinese,Captions,心理健康,Mental health,300,10000,600,
Malaysia,MY,zh,Simplified Chinese,Captions,焦虑,Anxiety,300,10000,600,
Malaysia,MY,zh,Simplified Chinese,Captions,职业倦怠,Burnout / exhaustion,300,10000,600,
Malaysia,MY,zh,Simplified Chinese,Captions,孤独感,Loneliness,300,10000,600,
Malaysia,MY,zh,Simplified Chinese,Captions,情绪调节,Emotional regulation,300,10000,600,
Malaysia,MY,zh,Simplified Chinese,Captions,伴侣咨询,Couple / relationships,300,10000,600,
Malaysia,MY,zh,Simplified Chinese,Captions,育儿压力,Parenting stress,300,10000,600,
Malaysia,MY,zh,Simplified Chinese,Captions,成瘾康复,Addictions,300,10000,600,
Malaysia,MY,zh,Simplified Chinese,Captions,正念冥想,Meditation / mindfulness,300,10000,600,
Malaysia,MY,zh,Simplified Chinese,Captions,呼吸练习,Breathing / coping,300,10000,600,
Malaysia,MY,zh,Simplified Chinese,Captions,性健康,Sexual wellbeing / intimacy,300,10000,600,
Malaysia,MY,zh,Simplified Chinese,Captions,心理创伤,Psychological trauma,300,10000,600,
Malaysia,MY,zh,Simplified Chinese,Captions,自尊,Self-esteem,300,10000,600,
Malaysia,MY,zh,Simplified Chinese,Captions,焦虑型依恋,Attachment,300,10000,600,
Malaysia,MY,ms,Malay,Bio,ahli psikologi,Professional role,300,10000,600,
Malaysia,MY,ms,Malay,Bio,pakar psikiatri,Professional role,300,10000,600,
Malaysia,MY,ms,Malay,Bio,ahli psikoterapi,Professional role,300,10000,600,
Malaysia,MY,ms,Malay,Bio,kaunselor kesihatan mental,Professional role,300,10000,600,
Malaysia,MY,ms,Malay,Bio,terapi tingkah laku kognitif,Therapy approach,300,10000,600,
Malaysia,MY,ms,Malay,Bio,EMDR,Therapy approach,300,10000,600,
Malaysia,MY,ms,Malay,Captions,kesihatan mental,Mental health,300,10000,600,
Malaysia,MY,ms,Malay,Captions,kebimbangan,Anxiety,300,10000,600,
Malaysia,MY,ms,Malay,Captions,keletihan emosi,Burnout / exhaustion,300,10000,600,
Malaysia,MY,ms,Malay,Captions,kesunyian,Loneliness,300,10000,600,
Malaysia,MY,ms,Malay,Captions,pengawalan emosi,Emotional regulation,300,10000,600,
Malaysia,MY,ms,Malay,Captions,kaunseling pasangan,Couple / relationships,300,10000,600,
Malaysia,MY,ms,Malay,Captions,tekanan keibubapaan,Parenting stress,300,10000,600,
Malaysia,MY,ms,Malay,Captions,pemulihan ketagihan,Addictions,300,10000,600,
Malaysia,MY,ms,Malay,Captions,meditasi kesedaran,Meditation / mindfulness,300,10000,600,
Malaysia,MY,ms,Malay,Captions,latihan pernafasan,Breathing / coping,300,10000,600,
Malaysia,MY,ms,Malay,Captions,kesihatan seksual,Sexual wellbeing / intimacy,300,10000,600,
Malaysia,MY,ms,Malay,Captions,trauma psikologi,Psychological trauma,300,10000,600,
Malaysia,MY,ms,Malay,Captions,harga diri,Self-esteem,300,10000,600,
Malaysia,MY,ms,Malay,Captions,keterikatan cemas,Attachment,300,10000,600,
Algeria,DZ,fr,French,Bio,psychologue,Professional role,300,10000,550,
Algeria,DZ,fr,French,Bio,psychiatre,Professional role,300,10000,550,
Algeria,DZ,fr,French,Bio,psychothérapeute,Professional role,300,10000,550,
Algeria,DZ,fr,French,Bio,psychotherapeute,Professional role,300,10000,550,
Algeria,DZ,fr,French,Bio,thérapie cognitive et comportementale,Therapy approach,300,10000,550,
Algeria,DZ,fr,French,Bio,EMDR,Therapy approach,300,10000,550,
Algeria,DZ,fr,French,Bio,TCC,Therapy approach,300,10000,550,
Algeria,DZ,fr,French,Bio,sexologue,Professional role,300,10000,550,
Algeria,DZ,fr,French,Bio,thérapeute de couple,Professional role,300,10000,550,
Algeria,DZ,fr,French,Captions,santé mentale,Mental health,300,10000,550,
Algeria,DZ,fr,French,Captions,anxiété,Anxiety,300,10000,550,
Algeria,DZ,fr,French,Captions,burnout,Burnout / exhaustion,300,10000,550,
Algeria,DZ,fr,French,Captions,solitude,Loneliness,300,10000,550,
Algeria,DZ,fr,French,Captions,régulation émotionnelle,Emotional regulation,300,10000,550,
Algeria,DZ,fr,French,Captions,communication dans le couple,Couple / relationships,300,10000,550,
Algeria,DZ,fr,French,Captions,burnout parental,Parenting stress,300,10000,550,
Algeria,DZ,fr,French,Captions,addictions,Addictions,300,10000,550,
Algeria,DZ,fr,French,Captions,méditation de pleine conscience,Meditation / mindfulness,300,10000,550,
Algeria,DZ,fr,French,Captions,exercices de respiration,Breathing / coping,300,10000,550,
Algeria,DZ,fr,French,Captions,bien-être sexuel,Sexual wellbeing / intimacy,300,10000,550,
Algeria,DZ,fr,French,Captions,angoisse,Anxiety,300,10000,550,
Algeria,DZ,fr,French,Captions,attachement anxieux,Attachment,300,10000,550,
Algeria,DZ,fr,French,Captions,cohérence cardiaque,Breathing / coping,300,10000,550,
Algeria,DZ,fr,French,Captions,charge mentale,Parenting / stress,300,10000,550,
Algeria,DZ,fr,French,Captions,arrêter de fumer,Addictions,300,10000,550,
Algeria,DZ,fr,French,Captions,sobriété,Addictions,300,10000,550,
Algeria,DZ,fr,French,Captions,traumatisme psychologique,Psychological trauma,300,10000,550,
Algeria,DZ,fr,French,Captions,estime de soi,Self-esteem,300,10000,550,
Algeria,DZ,ar,Arabic,Bio,أخصائي نفسي,Professional role,300,10000,550,
Algeria,DZ,ar,Arabic,Bio,أخصائية نفسية,Professional role,300,10000,550,
Algeria,DZ,ar,Arabic,Bio,اخصائي نفسي,Professional role,300,10000,550,
Algeria,DZ,ar,Arabic,Bio,طبيب نفسي,Professional role,300,10000,550,
Algeria,DZ,ar,Arabic,Bio,طبيبة نفسية,Professional role,300,10000,550,
Algeria,DZ,ar,Arabic,Bio,معالج نفسي,Professional role,300,10000,550,
Algeria,DZ,ar,Arabic,Bio,معالجة نفسية,Professional role,300,10000,550,
Algeria,DZ,ar,Arabic,Bio,العلاج المعرفي السلوكي,Therapy approach,300,10000,550,
Algeria,DZ,ar,Arabic,Bio,EMDR,Therapy approach,300,10000,550,
Algeria,DZ,ar,Arabic,Captions,الصحة النفسية,Mental health,300,10000,550,
Algeria,DZ,ar,Arabic,Captions,القلق,Anxiety,300,10000,550,
Algeria,DZ,ar,Arabic,Captions,الاحتراق النفسي,Burnout / exhaustion,300,10000,550,
Algeria,DZ,ar,Arabic,Captions,الشعور بالوحدة,Loneliness,300,10000,550,
Algeria,DZ,ar,Arabic,Captions,تنظيم المشاعر,Emotional regulation,300,10000,550,
Algeria,DZ,ar,Arabic,Captions,العلاقات الزوجية,Couple / relationships,300,10000,550,
Algeria,DZ,ar,Arabic,Captions,الإرهاق الوالدي,Parenting stress,300,10000,550,
Algeria,DZ,ar,Arabic,Captions,التعافي من الإدمان,Addictions,300,10000,550,
Algeria,DZ,ar,Arabic,Captions,التأمل الواعي,Meditation / mindfulness,300,10000,550,
Algeria,DZ,ar,Arabic,Captions,تمارين التنفس,Breathing / coping,300,10000,550,
Algeria,DZ,ar,Arabic,Captions,الصحة الجنسية,Sexual wellbeing / intimacy,300,10000,550,
Algeria,DZ,ar,Arabic,Captions,الصدمة النفسية,Psychological trauma,300,10000,550,
Algeria,DZ,ar,Arabic,Captions,تقدير الذات,Self-esteem,300,10000,550,
Algeria,DZ,ar,Arabic,Captions,التعلق القلق,Attachment,300,10000,550,
Canada,CA,en,English,Bio,psychologist,Professional role,300,10000,550,
Canada,CA,en,English,Bio,psychiatrist,Professional role,300,10000,550,
Canada,CA,en,English,Bio,psychotherapist,Professional role,300,10000,550,
Canada,CA,en,English,Bio,mental health counselor,Professional role,300,10000,550,
Canada,CA,en,English,Bio,mental health counsellor,Professional role,300,10000,550,
Canada,CA,en,English,Bio,cognitive behavioral therapy,Therapy approach,300,10000,550,
Canada,CA,en,English,Bio,EMDR,Therapy approach,300,10000,550,
Canada,CA,en,English,Bio,CBT,Therapy approach,300,10000,550,
Canada,CA,en,English,Bio,cognitive behavioural therapy,Therapy approach,300,10000,550,
Canada,CA,en,English,Bio,sex therapist,Professional role,300,10000,550,
Canada,CA,en,English,Bio,couples therapist,Professional role,300,10000,550,
Canada,CA,en,English,Captions,mental health,Mental health,300,10000,550,
Canada,CA,en,English,Captions,anxiety,Anxiety,300,10000,550,
Canada,CA,en,English,Captions,burnout,Burnout / exhaustion,300,10000,550,
Canada,CA,en,English,Captions,loneliness,Loneliness,300,10000,550,
Canada,CA,en,English,Captions,emotional regulation,Emotional regulation,300,10000,550,
Canada,CA,en,English,Captions,couples communication,Couple / relationships,300,10000,550,
Canada,CA,en,English,Captions,parental burnout,Parenting stress,300,10000,550,
Canada,CA,en,English,Captions,addiction recovery,Addictions,300,10000,550,
Canada,CA,en,English,Captions,mindfulness meditation,Meditation / mindfulness,300,10000,550,
Canada,CA,en,English,Captions,breathing exercises,Breathing / coping,300,10000,550,
Canada,CA,en,English,Captions,sexual wellbeing,Sexual wellbeing / intimacy,300,10000,550,
Canada,CA,en,English,Captions,anxious attachment,Attachment,300,10000,550,
Canada,CA,en,English,Captions,relationship advice,Couple / relationships,300,10000,550,
Canada,CA,en,English,Captions,quit smoking,Addictions,300,10000,550,
Canada,CA,en,English,Captions,sobriety,Addictions,300,10000,550,
Canada,CA,en,English,Captions,overthinking,Anxiety,300,10000,550,
Canada,CA,en,English,Captions,psychological trauma,Psychological trauma,300,10000,550,
Canada,CA,en,English,Captions,self-esteem,Self-esteem,300,10000,550,
Canada,CA,fr,French,Bio,psychologue,Professional role,300,10000,550,
Canada,CA,fr,French,Bio,psychiatre,Professional role,300,10000,550,
Canada,CA,fr,French,Bio,psychothérapeute,Professional role,300,10000,550,
Canada,CA,fr,French,Bio,psychotherapeute,Professional role,300,10000,550,
Canada,CA,fr,French,Bio,thérapie cognitive et comportementale,Therapy approach,300,10000,550,
Canada,CA,fr,French,Bio,EMDR,Therapy approach,300,10000,550,
Canada,CA,fr,French,Bio,TCC,Therapy approach,300,10000,550,
Canada,CA,fr,French,Bio,sexologue,Professional role,300,10000,550,
Canada,CA,fr,French,Bio,thérapeute de couple,Professional role,300,10000,550,
Canada,CA,fr,French,Captions,santé mentale,Mental health,300,10000,550,
Canada,CA,fr,French,Captions,anxiété,Anxiety,300,10000,550,
Canada,CA,fr,French,Captions,burnout,Burnout / exhaustion,300,10000,550,
Canada,CA,fr,French,Captions,solitude,Loneliness,300,10000,550,
Canada,CA,fr,French,Captions,régulation émotionnelle,Emotional regulation,300,10000,550,
Canada,CA,fr,French,Captions,communication dans le couple,Couple / relationships,300,10000,550,
Canada,CA,fr,French,Captions,burnout parental,Parenting stress,300,10000,550,
Canada,CA,fr,French,Captions,addictions,Addictions,300,10000,550,
Canada,CA,fr,French,Captions,méditation de pleine conscience,Meditation / mindfulness,300,10000,550,
Canada,CA,fr,French,Captions,exercices de respiration,Breathing / coping,300,10000,550,
Canada,CA,fr,French,Captions,bien-être sexuel,Sexual wellbeing / intimacy,300,10000,550,
Canada,CA,fr,French,Captions,angoisse,Anxiety,300,10000,550,
Canada,CA,fr,French,Captions,attachement anxieux,Attachment,300,10000,550,
Canada,CA,fr,French,Captions,cohérence cardiaque,Breathing / coping,300,10000,550,
Canada,CA,fr,French,Captions,charge mentale,Parenting / stress,300,10000,550,
Canada,CA,fr,French,Captions,arrêter de fumer,Addictions,300,10000,550,
Canada,CA,fr,French,Captions,sobriété,Addictions,300,10000,550,
Canada,CA,fr,French,Captions,traumatisme psychologique,Psychological trauma,300,10000,550,
Canada,CA,fr,French,Captions,estime de soi,Self-esteem,300,10000,550,
South Africa,ZA,en,English,Bio,psychologist,Professional role,300,10000,500,
South Africa,ZA,en,English,Bio,psychiatrist,Professional role,300,10000,500,
South Africa,ZA,en,English,Bio,psychotherapist,Professional role,300,10000,500,
South Africa,ZA,en,English,Bio,mental health counselor,Professional role,300,10000,500,
South Africa,ZA,en,English,Bio,mental health counsellor,Professional role,300,10000,500,
South Africa,ZA,en,English,Bio,cognitive behavioral therapy,Therapy approach,300,10000,500,
South Africa,ZA,en,English,Bio,EMDR,Therapy approach,300,10000,500,
South Africa,ZA,en,English,Bio,CBT,Therapy approach,300,10000,500,
South Africa,ZA,en,English,Bio,cognitive behavioural therapy,Therapy approach,300,10000,500,
South Africa,ZA,en,English,Bio,sex therapist,Professional role,300,10000,500,
South Africa,ZA,en,English,Bio,couples therapist,Professional role,300,10000,500,
South Africa,ZA,en,English,Captions,mental health,Mental health,300,10000,500,
South Africa,ZA,en,English,Captions,anxiety,Anxiety,300,10000,500,
South Africa,ZA,en,English,Captions,burnout,Burnout / exhaustion,300,10000,500,
South Africa,ZA,en,English,Captions,loneliness,Loneliness,300,10000,500,
South Africa,ZA,en,English,Captions,emotional regulation,Emotional regulation,300,10000,500,
South Africa,ZA,en,English,Captions,couples communication,Couple / relationships,300,10000,500,
South Africa,ZA,en,English,Captions,parental burnout,Parenting stress,300,10000,500,
South Africa,ZA,en,English,Captions,addiction recovery,Addictions,300,10000,500,
South Africa,ZA,en,English,Captions,mindfulness meditation,Meditation / mindfulness,300,10000,500,
South Africa,ZA,en,English,Captions,breathing exercises,Breathing / coping,300,10000,500,
South Africa,ZA,en,English,Captions,sexual wellbeing,Sexual wellbeing / intimacy,300,10000,500,
South Africa,ZA,en,English,Captions,anxious attachment,Attachment,300,10000,500,
South Africa,ZA,en,English,Captions,relationship advice,Couple / relationships,300,10000,500,
South Africa,ZA,en,English,Captions,quit smoking,Addictions,300,10000,500,
South Africa,ZA,en,English,Captions,sobriety,Addictions,300,10000,500,
South Africa,ZA,en,English,Captions,overthinking,Anxiety,300,10000,500,
South Africa,ZA,en,English,Captions,psychological trauma,Psychological trauma,300,10000,500,
South Africa,ZA,en,English,Captions,self-esteem,Self-esteem,300,10000,500,
South Korea,KR,ko,Korean,Bio,심리상담사,Professional role,300,10000,550,
South Korea,KR,ko,Korean,Bio,상담심리사,Professional role,300,10000,550,
South Korea,KR,ko,Korean,Bio,정신건강의학과 전문의,Professional role,300,10000,550,
South Korea,KR,ko,Korean,Bio,정신과 의사,Professional role,300,10000,550,
South Korea,KR,ko,Korean,Bio,인지행동치료,Therapy approach,300,10000,550,
South Korea,KR,ko,Korean,Bio,EMDR,Therapy approach,300,10000,550,
South Korea,KR,ko,Korean,Captions,정신건강,Mental health,300,10000,550,
South Korea,KR,ko,Korean,Captions,불안장애,Anxiety,300,10000,550,
South Korea,KR,ko,Korean,Captions,번아웃,Burnout / exhaustion,300,10000,550,
South Korea,KR,ko,Korean,Captions,외로움,Loneliness,300,10000,550,
South Korea,KR,ko,Korean,Captions,감정 조절,Emotional regulation,300,10000,550,
South Korea,KR,ko,Korean,Captions,부부 상담,Couple / relationships,300,10000,550,
South Korea,KR,ko,Korean,Captions,육아 스트레스,Parenting stress,300,10000,550,
South Korea,KR,ko,Korean,Captions,중독 회복,Addictions,300,10000,550,
South Korea,KR,ko,Korean,Captions,마음챙김 명상,Meditation / mindfulness,300,10000,550,
South Korea,KR,ko,Korean,Captions,호흡 운동,Breathing / coping,300,10000,550,
South Korea,KR,ko,Korean,Captions,성 건강,Sexual wellbeing / intimacy,300,10000,550,
South Korea,KR,ko,Korean,Captions,심리적 외상,Psychological trauma,300,10000,550,
South Korea,KR,ko,Korean,Captions,자존감,Self-esteem,300,10000,550,
South Korea,KR,ko,Korean,Captions,불안형 애착,Attachment,300,10000,550,
Chile,CL,es,Spanish,Bio,psicólogo,Professional role,300,10000,500,
Chile,CL,es,Spanish,Bio,psicóloga,Professional role,300,10000,500,
Chile,CL,es,Spanish,Bio,psicologo,Professional role,300,10000,500,
Chile,CL,es,Spanish,Bio,psicologa,Professional role,300,10000,500,
Chile,CL,es,Spanish,Bio,psiquiatra,Professional role,300,10000,500,
Chile,CL,es,Spanish,Bio,psicoterapeuta,Professional role,300,10000,500,
Chile,CL,es,Spanish,Bio,terapia cognitivo conductual,Therapy approach,300,10000,500,
Chile,CL,es,Spanish,Bio,EMDR,Therapy approach,300,10000,500,
Chile,CL,es,Spanish,Bio,TCC,Therapy approach,300,10000,500,
Chile,CL,es,Spanish,Bio,sexólogo,Professional role,300,10000,500,
Chile,CL,es,Spanish,Bio,sexóloga,Professional role,300,10000,500,
Chile,CL,es,Spanish,Captions,salud mental,Mental health,300,10000,500,
Chile,CL,es,Spanish,Captions,ansiedad,Anxiety,300,10000,500,
Chile,CL,es,Spanish,Captions,agotamiento emocional,Burnout / exhaustion,300,10000,500,
Chile,CL,es,Spanish,Captions,soledad,Loneliness,300,10000,500,
Chile,CL,es,Spanish,Captions,regulación emocional,Emotional regulation,300,10000,500,
Chile,CL,es,Spanish,Captions,terapia de pareja,Couple / relationships,300,10000,500,
Chile,CL,es,Spanish,Captions,agotamiento parental,Parenting stress,300,10000,500,
Chile,CL,es,Spanish,Captions,adicciones,Addictions,300,10000,500,
Chile,CL,es,Spanish,Captions,meditación mindfulness,Meditation / mindfulness,300,10000,500,
Chile,CL,es,Spanish,Captions,ejercicios de respiración,Breathing / coping,300,10000,500,
Chile,CL,es,Spanish,Captions,bienestar sexual,Sexual wellbeing / intimacy,300,10000,500,
Chile,CL,es,Spanish,Captions,burnout,Burnout / exhaustion,300,10000,500,
Chile,CL,es,Spanish,Captions,apego ansioso,Attachment,300,10000,500,
Chile,CL,es,Spanish,Captions,crianza respetuosa,Parenting / emotions,300,10000,500,
Chile,CL,es,Spanish,Captions,dejar de fumar,Addictions,300,10000,500,
Chile,CL,es,Spanish,Captions,trauma psicológico,Psychological trauma,300,10000,500,
Chile,CL,es,Spanish,Captions,autoestima,Self-esteem,300,10000,500,
Ukraine,UA,uk,Ukrainian,Bio,психолог,Professional role,300,10000,500,
Ukraine,UA,uk,Ukrainian,Bio,психологиня,Professional role,300,10000,500,
Ukraine,UA,uk,Ukrainian,Bio,психіатр,Professional role,300,10000,500,
Ukraine,UA,uk,Ukrainian,Bio,психотерапевт,Professional role,300,10000,500,
Ukraine,UA,uk,Ukrainian,Bio,психотерапевтка,Professional role,300,10000,500,
Ukraine,UA,uk,Ukrainian,Bio,когнітивно-поведінкова терапія,Therapy approach,300,10000,500,
Ukraine,UA,uk,Ukrainian,Bio,EMDR,Therapy approach,300,10000,500,
Ukraine,UA,uk,Ukrainian,Bio,КПТ,Therapy approach,300,10000,500,
Ukraine,UA,uk,Ukrainian,Captions,психічне здоров'я,Mental health,300,10000,500,
Ukraine,UA,uk,Ukrainian,Captions,тривожність,Anxiety,300,10000,500,
Ukraine,UA,uk,Ukrainian,Captions,емоційне вигорання,Burnout / exhaustion,300,10000,500,
Ukraine,UA,uk,Ukrainian,Captions,самотність,Loneliness,300,10000,500,
Ukraine,UA,uk,Ukrainian,Captions,регуляція емоцій,Emotional regulation,300,10000,500,
Ukraine,UA,uk,Ukrainian,Captions,терапія пар,Couple / relationships,300,10000,500,
Ukraine,UA,uk,Ukrainian,Captions,батьківське вигорання,Parenting stress,300,10000,500,
Ukraine,UA,uk,Ukrainian,Captions,залежності,Addictions,300,10000,500,
Ukraine,UA,uk,Ukrainian,Captions,медитація усвідомленості,Meditation / mindfulness,300,10000,500,
Ukraine,UA,uk,Ukrainian,Captions,дихальні вправи,Breathing / coping,300,10000,500,
Ukraine,UA,uk,Ukrainian,Captions,сексуальне благополуччя,Sexual wellbeing / intimacy,300,10000,500,
Ukraine,UA,uk,Ukrainian,Captions,психологічна травма,Psychological trauma,300,10000,500,
Ukraine,UA,uk,Ukrainian,Captions,самооцінка,Self-esteem,300,10000,500,
Ukraine,UA,uk,Ukrainian,Captions,тривожна прив’язаність,Attachment,300,10000,500,
Morocco,MA,fr,French,Bio,psychologue,Professional role,300,10000,450,
Morocco,MA,fr,French,Bio,psychiatre,Professional role,300,10000,450,
Morocco,MA,fr,French,Bio,psychothérapeute,Professional role,300,10000,450,
Morocco,MA,fr,French,Bio,psychotherapeute,Professional role,300,10000,450,
Morocco,MA,fr,French,Bio,thérapie cognitive et comportementale,Therapy approach,300,10000,450,
Morocco,MA,fr,French,Bio,EMDR,Therapy approach,300,10000,450,
Morocco,MA,fr,French,Bio,TCC,Therapy approach,300,10000,450,
Morocco,MA,fr,French,Bio,sexologue,Professional role,300,10000,450,
Morocco,MA,fr,French,Bio,thérapeute de couple,Professional role,300,10000,450,
Morocco,MA,fr,French,Captions,santé mentale,Mental health,300,10000,450,
Morocco,MA,fr,French,Captions,anxiété,Anxiety,300,10000,450,
Morocco,MA,fr,French,Captions,burnout,Burnout / exhaustion,300,10000,450,
Morocco,MA,fr,French,Captions,solitude,Loneliness,300,10000,450,
Morocco,MA,fr,French,Captions,régulation émotionnelle,Emotional regulation,300,10000,450,
Morocco,MA,fr,French,Captions,communication dans le couple,Couple / relationships,300,10000,450,
Morocco,MA,fr,French,Captions,burnout parental,Parenting stress,300,10000,450,
Morocco,MA,fr,French,Captions,addictions,Addictions,300,10000,450,
Morocco,MA,fr,French,Captions,méditation de pleine conscience,Meditation / mindfulness,300,10000,450,
Morocco,MA,fr,French,Captions,exercices de respiration,Breathing / coping,300,10000,450,
Morocco,MA,fr,French,Captions,bien-être sexuel,Sexual wellbeing / intimacy,300,10000,450,
Morocco,MA,fr,French,Captions,angoisse,Anxiety,300,10000,450,
Morocco,MA,fr,French,Captions,attachement anxieux,Attachment,300,10000,450,
Morocco,MA,fr,French,Captions,cohérence cardiaque,Breathing / coping,300,10000,450,
Morocco,MA,fr,French,Captions,charge mentale,Parenting / stress,300,10000,450,
Morocco,MA,fr,French,Captions,arrêter de fumer,Addictions,300,10000,450,
Morocco,MA,fr,French,Captions,sobriété,Addictions,300,10000,450,
Morocco,MA,fr,French,Captions,traumatisme psychologique,Psychological trauma,300,10000,450,
Morocco,MA,fr,French,Captions,estime de soi,Self-esteem,300,10000,450,
Morocco,MA,ar,Arabic,Bio,أخصائي نفسي,Professional role,300,10000,450,
Morocco,MA,ar,Arabic,Bio,أخصائية نفسية,Professional role,300,10000,450,
Morocco,MA,ar,Arabic,Bio,اخصائي نفسي,Professional role,300,10000,450,
Morocco,MA,ar,Arabic,Bio,طبيب نفسي,Professional role,300,10000,450,
Morocco,MA,ar,Arabic,Bio,طبيبة نفسية,Professional role,300,10000,450,
Morocco,MA,ar,Arabic,Bio,معالج نفسي,Professional role,300,10000,450,
Morocco,MA,ar,Arabic,Bio,معالجة نفسية,Professional role,300,10000,450,
Morocco,MA,ar,Arabic,Bio,العلاج المعرفي السلوكي,Therapy approach,300,10000,450,
Morocco,MA,ar,Arabic,Bio,EMDR,Therapy approach,300,10000,450,
Morocco,MA,ar,Arabic,Captions,الصحة النفسية,Mental health,300,10000,450,
Morocco,MA,ar,Arabic,Captions,القلق,Anxiety,300,10000,450,
Morocco,MA,ar,Arabic,Captions,الاحتراق النفسي,Burnout / exhaustion,300,10000,450,
Morocco,MA,ar,Arabic,Captions,الشعور بالوحدة,Loneliness,300,10000,450,
Morocco,MA,ar,Arabic,Captions,تنظيم المشاعر,Emotional regulation,300,10000,450,
Morocco,MA,ar,Arabic,Captions,العلاقات الزوجية,Couple / relationships,300,10000,450,
Morocco,MA,ar,Arabic,Captions,الإرهاق الوالدي,Parenting stress,300,10000,450,
Morocco,MA,ar,Arabic,Captions,التعافي من الإدمان,Addictions,300,10000,450,
Morocco,MA,ar,Arabic,Captions,التأمل الواعي,Meditation / mindfulness,300,10000,450,
Morocco,MA,ar,Arabic,Captions,تمارين التنفس,Breathing / coping,300,10000,450,
Morocco,MA,ar,Arabic,Captions,الصحة الجنسية,Sexual wellbeing / intimacy,300,10000,450,
Morocco,MA,ar,Arabic,Captions,الصدمة النفسية,Psychological trauma,300,10000,450,
Morocco,MA,ar,Arabic,Captions,تقدير الذات,Self-esteem,300,10000,450,
Morocco,MA,ar,Arabic,Captions,التعلق القلق,Attachment,300,10000,450,
Poland,PL,pl,Polish,Bio,psycholog,Professional role,300,10000,400,
Poland,PL,pl,Polish,Bio,psycholożka,Professional role,300,10000,400,
Poland,PL,pl,Polish,Bio,psychiatra,Professional role,300,10000,400,
Poland,PL,pl,Polish,Bio,psychoterapeuta,Professional role,300,10000,400,
Poland,PL,pl,Polish,Bio,psychoterapeutka,Professional role,300,10000,400,
Poland,PL,pl,Polish,Bio,terapia poznawczo behawioralna,Therapy approach,300,10000,400,
Poland,PL,pl,Polish,Bio,EMDR,Therapy approach,300,10000,400,
Poland,PL,pl,Polish,Captions,zdrowie psychiczne,Mental health,300,10000,400,
Poland,PL,pl,Polish,Captions,zaburzenia lękowe,Anxiety,300,10000,400,
Poland,PL,pl,Polish,Captions,wypalenie zawodowe,Burnout / exhaustion,300,10000,400,
Poland,PL,pl,Polish,Captions,samotność,Loneliness,300,10000,400,
Poland,PL,pl,Polish,Captions,regulacja emocji,Emotional regulation,300,10000,400,
Poland,PL,pl,Polish,Captions,terapia par,Couple / relationships,300,10000,400,
Poland,PL,pl,Polish,Captions,wypalenie rodzicielskie,Parenting stress,300,10000,400,
Poland,PL,pl,Polish,Captions,uzależnienia,Addictions,300,10000,400,
Poland,PL,pl,Polish,Captions,medytacja uważności,Meditation / mindfulness,300,10000,400,
Poland,PL,pl,Polish,Captions,ćwiczenia oddechowe,Breathing / coping,300,10000,400,
Poland,PL,pl,Polish,Captions,dobrostan seksualny,Sexual wellbeing / intimacy,300,10000,400,
Poland,PL,pl,Polish,Captions,trauma psychiczna,Psychological trauma,300,10000,400,
Poland,PL,pl,Polish,Captions,poczucie własnej wartości,Self-esteem,300,10000,400,
Poland,PL,pl,Polish,Captions,lękowy styl przywiązania,Attachment,300,10000,400,
Australia,AU,en,English,Bio,psychologist,Professional role,300,10000,350,
Australia,AU,en,English,Bio,psychiatrist,Professional role,300,10000,350,
Australia,AU,en,English,Bio,psychotherapist,Professional role,300,10000,350,
Australia,AU,en,English,Bio,mental health counselor,Professional role,300,10000,350,
Australia,AU,en,English,Bio,mental health counsellor,Professional role,300,10000,350,
Australia,AU,en,English,Bio,cognitive behavioral therapy,Therapy approach,300,10000,350,
Australia,AU,en,English,Bio,EMDR,Therapy approach,300,10000,350,
Australia,AU,en,English,Bio,CBT,Therapy approach,300,10000,350,
Australia,AU,en,English,Bio,cognitive behavioural therapy,Therapy approach,300,10000,350,
Australia,AU,en,English,Bio,sex therapist,Professional role,300,10000,350,
Australia,AU,en,English,Bio,couples therapist,Professional role,300,10000,350,
Australia,AU,en,English,Captions,mental health,Mental health,300,10000,350,
Australia,AU,en,English,Captions,anxiety,Anxiety,300,10000,350,
Australia,AU,en,English,Captions,burnout,Burnout / exhaustion,300,10000,350,
Australia,AU,en,English,Captions,loneliness,Loneliness,300,10000,350,
Australia,AU,en,English,Captions,emotional regulation,Emotional regulation,300,10000,350,
Australia,AU,en,English,Captions,couples communication,Couple / relationships,300,10000,350,
Australia,AU,en,English,Captions,parental burnout,Parenting stress,300,10000,350,
Australia,AU,en,English,Captions,addiction recovery,Addictions,300,10000,350,
Australia,AU,en,English,Captions,mindfulness meditation,Meditation / mindfulness,300,10000,350,
Australia,AU,en,English,Captions,breathing exercises,Breathing / coping,300,10000,350,
Australia,AU,en,English,Captions,sexual wellbeing,Sexual wellbeing / intimacy,300,10000,350,
Australia,AU,en,English,Captions,anxious attachment,Attachment,300,10000,350,
Australia,AU,en,English,Captions,relationship advice,Couple / relationships,300,10000,350,
Australia,AU,en,English,Captions,quit smoking,Addictions,300,10000,350,
Australia,AU,en,English,Captions,sobriety,Addictions,300,10000,350,
Australia,AU,en,English,Captions,overthinking,Anxiety,300,10000,350,
Australia,AU,en,English,Captions,psychological trauma,Psychological trauma,300,10000,350,
Australia,AU,en,English,Captions,self-esteem,Self-esteem,300,10000,350,
Taiwan,TW,zh-TW,Traditional Chinese,Bio,諮商心理師,Professional role,300,10000,350,
Taiwan,TW,zh-TW,Traditional Chinese,Bio,臨床心理師,Professional role,300,10000,350,
Taiwan,TW,zh-TW,Traditional Chinese,Bio,精神科醫師,Professional role,300,10000,350,
Taiwan,TW,zh-TW,Traditional Chinese,Bio,精神科醫生,Professional role,300,10000,350,
Taiwan,TW,zh-TW,Traditional Chinese,Bio,認知行為治療,Therapy approach,300,10000,350,
Taiwan,TW,zh-TW,Traditional Chinese,Bio,EMDR,Therapy approach,300,10000,350,
Taiwan,TW,zh-TW,Traditional Chinese,Captions,心理健康,Mental health,300,10000,350,
Taiwan,TW,zh-TW,Traditional Chinese,Captions,焦慮,Anxiety,300,10000,350,
Taiwan,TW,zh-TW,Traditional Chinese,Captions,職業倦怠,Burnout / exhaustion,300,10000,350,
Taiwan,TW,zh-TW,Traditional Chinese,Captions,孤獨感,Loneliness,300,10000,350,
Taiwan,TW,zh-TW,Traditional Chinese,Captions,情緒調節,Emotional regulation,300,10000,350,
Taiwan,TW,zh-TW,Traditional Chinese,Captions,伴侶諮商,Couple / relationships,300,10000,350,
Taiwan,TW,zh-TW,Traditional Chinese,Captions,育兒壓力,Parenting stress,300,10000,350,
Taiwan,TW,zh-TW,Traditional Chinese,Captions,成癮復原,Addictions,300,10000,350,
Taiwan,TW,zh-TW,Traditional Chinese,Captions,正念冥想,Meditation / mindfulness,300,10000,350,
Taiwan,TW,zh-TW,Traditional Chinese,Captions,呼吸練習,Breathing / coping,300,10000,350,
Taiwan,TW,zh-TW,Traditional Chinese,Captions,性健康,Sexual wellbeing / intimacy,300,10000,350,
Taiwan,TW,zh-TW,Traditional Chinese,Captions,心理創傷,Psychological trauma,300,10000,350,
Taiwan,TW,zh-TW,Traditional Chinese,Captions,自尊,Self-esteem,300,10000,350,
Taiwan,TW,zh-TW,Traditional Chinese,Captions,焦慮型依附,Attachment,300,10000,350,
Ecuador,EC,es,Spanish,Bio,psicólogo,Professional role,300,10000,350,
Ecuador,EC,es,Spanish,Bio,psicóloga,Professional role,300,10000,350,
Ecuador,EC,es,Spanish,Bio,psicologo,Professional role,300,10000,350,
Ecuador,EC,es,Spanish,Bio,psicologa,Professional role,300,10000,350,
Ecuador,EC,es,Spanish,Bio,psiquiatra,Professional role,300,10000,350,
Ecuador,EC,es,Spanish,Bio,psicoterapeuta,Professional role,300,10000,350,
Ecuador,EC,es,Spanish,Bio,terapia cognitivo conductual,Therapy approach,300,10000,350,
Ecuador,EC,es,Spanish,Bio,EMDR,Therapy approach,300,10000,350,
Ecuador,EC,es,Spanish,Bio,TCC,Therapy approach,300,10000,350,
Ecuador,EC,es,Spanish,Bio,sexólogo,Professional role,300,10000,350,
Ecuador,EC,es,Spanish,Bio,sexóloga,Professional role,300,10000,350,
Ecuador,EC,es,Spanish,Captions,salud mental,Mental health,300,10000,350,
Ecuador,EC,es,Spanish,Captions,ansiedad,Anxiety,300,10000,350,
Ecuador,EC,es,Spanish,Captions,agotamiento emocional,Burnout / exhaustion,300,10000,350,
Ecuador,EC,es,Spanish,Captions,soledad,Loneliness,300,10000,350,
Ecuador,EC,es,Spanish,Captions,regulación emocional,Emotional regulation,300,10000,350,
Ecuador,EC,es,Spanish,Captions,terapia de pareja,Couple / relationships,300,10000,350,
Ecuador,EC,es,Spanish,Captions,agotamiento parental,Parenting stress,300,10000,350,
Ecuador,EC,es,Spanish,Captions,adicciones,Addictions,300,10000,350,
Ecuador,EC,es,Spanish,Captions,meditación mindfulness,Meditation / mindfulness,300,10000,350,
Ecuador,EC,es,Spanish,Captions,ejercicios de respiración,Breathing / coping,300,10000,350,
Ecuador,EC,es,Spanish,Captions,bienestar sexual,Sexual wellbeing / intimacy,300,10000,350,
Ecuador,EC,es,Spanish,Captions,burnout,Burnout / exhaustion,300,10000,350,
Ecuador,EC,es,Spanish,Captions,apego ansioso,Attachment,300,10000,350,
Ecuador,EC,es,Spanish,Captions,crianza respetuosa,Parenting / emotions,300,10000,350,
Ecuador,EC,es,Spanish,Captions,dejar de fumar,Addictions,300,10000,350,
Ecuador,EC,es,Spanish,Captions,trauma psicológico,Psychological trauma,300,10000,350,
Ecuador,EC,es,Spanish,Captions,autoestima,Self-esteem,300,10000,350,
United Arab Emirates,AE,en,English,Bio,psychologist,Professional role,300,10000,350,
United Arab Emirates,AE,en,English,Bio,psychiatrist,Professional role,300,10000,350,
United Arab Emirates,AE,en,English,Bio,psychotherapist,Professional role,300,10000,350,
United Arab Emirates,AE,en,English,Bio,mental health counselor,Professional role,300,10000,350,
United Arab Emirates,AE,en,English,Bio,mental health counsellor,Professional role,300,10000,350,
United Arab Emirates,AE,en,English,Bio,cognitive behavioral therapy,Therapy approach,300,10000,350,
United Arab Emirates,AE,en,English,Bio,EMDR,Therapy approach,300,10000,350,
United Arab Emirates,AE,en,English,Bio,CBT,Therapy approach,300,10000,350,
United Arab Emirates,AE,en,English,Bio,cognitive behavioural therapy,Therapy approach,300,10000,350,
United Arab Emirates,AE,en,English,Bio,sex therapist,Professional role,300,10000,350,
United Arab Emirates,AE,en,English,Bio,couples therapist,Professional role,300,10000,350,
United Arab Emirates,AE,en,English,Captions,mental health,Mental health,300,10000,350,
United Arab Emirates,AE,en,English,Captions,anxiety,Anxiety,300,10000,350,
United Arab Emirates,AE,en,English,Captions,burnout,Burnout / exhaustion,300,10000,350,
United Arab Emirates,AE,en,English,Captions,loneliness,Loneliness,300,10000,350,
United Arab Emirates,AE,en,English,Captions,emotional regulation,Emotional regulation,300,10000,350,
United Arab Emirates,AE,en,English,Captions,couples communication,Couple / relationships,300,10000,350,
United Arab Emirates,AE,en,English,Captions,parental burnout,Parenting stress,300,10000,350,
United Arab Emirates,AE,en,English,Captions,addiction recovery,Addictions,300,10000,350,
United Arab Emirates,AE,en,English,Captions,mindfulness meditation,Meditation / mindfulness,300,10000,350,
United Arab Emirates,AE,en,English,Captions,breathing exercises,Breathing / coping,300,10000,350,
United Arab Emirates,AE,en,English,Captions,sexual wellbeing,Sexual wellbeing / intimacy,300,10000,350,
United Arab Emirates,AE,en,English,Captions,anxious attachment,Attachment,300,10000,350,
United Arab Emirates,AE,en,English,Captions,relationship advice,Couple / relationships,300,10000,350,
United Arab Emirates,AE,en,English,Captions,quit smoking,Addictions,300,10000,350,
United Arab Emirates,AE,en,English,Captions,sobriety,Addictions,300,10000,350,
United Arab Emirates,AE,en,English,Captions,overthinking,Anxiety,300,10000,350,
United Arab Emirates,AE,en,English,Captions,psychological trauma,Psychological trauma,300,10000,350,
United Arab Emirates,AE,en,English,Captions,self-esteem,Self-esteem,300,10000,350,
United Arab Emirates,AE,ar,Arabic,Bio,أخصائي نفسي,Professional role,300,10000,350,
United Arab Emirates,AE,ar,Arabic,Bio,أخصائية نفسية,Professional role,300,10000,350,
United Arab Emirates,AE,ar,Arabic,Bio,اخصائي نفسي,Professional role,300,10000,350,
United Arab Emirates,AE,ar,Arabic,Bio,طبيب نفسي,Professional role,300,10000,350,
United Arab Emirates,AE,ar,Arabic,Bio,طبيبة نفسية,Professional role,300,10000,350,
United Arab Emirates,AE,ar,Arabic,Bio,معالج نفسي,Professional role,300,10000,350,
United Arab Emirates,AE,ar,Arabic,Bio,معالجة نفسية,Professional role,300,10000,350,
United Arab Emirates,AE,ar,Arabic,Bio,العلاج المعرفي السلوكي,Therapy approach,300,10000,350,
United Arab Emirates,AE,ar,Arabic,Bio,EMDR,Therapy approach,300,10000,350,
United Arab Emirates,AE,ar,Arabic,Captions,الصحة النفسية,Mental health,300,10000,350,
United Arab Emirates,AE,ar,Arabic,Captions,القلق,Anxiety,300,10000,350,
United Arab Emirates,AE,ar,Arabic,Captions,الاحتراق النفسي,Burnout / exhaustion,300,10000,350,
United Arab Emirates,AE,ar,Arabic,Captions,الشعور بالوحدة,Loneliness,300,10000,350,
United Arab Emirates,AE,ar,Arabic,Captions,تنظيم المشاعر,Emotional regulation,300,10000,350,
United Arab Emirates,AE,ar,Arabic,Captions,العلاقات الزوجية,Couple / relationships,300,10000,350,
United Arab Emirates,AE,ar,Arabic,Captions,الإرهاق الوالدي,Parenting stress,300,10000,350,
United Arab Emirates,AE,ar,Arabic,Captions,التعافي من الإدمان,Addictions,300,10000,350,
United Arab Emirates,AE,ar,Arabic,Captions,التأمل الواعي,Meditation / mindfulness,300,10000,350,
United Arab Emirates,AE,ar,Arabic,Captions,تمارين التنفس,Breathing / coping,300,10000,350,
United Arab Emirates,AE,ar,Arabic,Captions,الصحة الجنسية,Sexual wellbeing / intimacy,300,10000,350,
United Arab Emirates,AE,ar,Arabic,Captions,الصدمة النفسية,Psychological trauma,300,10000,350,
United Arab Emirates,AE,ar,Arabic,Captions,تقدير الذات,Self-esteem,300,10000,350,
United Arab Emirates,AE,ar,Arabic,Captions,التعلق القلق,Attachment,300,10000,350,
United Arab Emirates,AE,hi,Hindi,Bio,मनोवैज्ञानिक,Professional role,300,10000,350,
United Arab Emirates,AE,hi,Hindi,Bio,मनोचिकित्सक,Professional role,300,10000,350,
United Arab Emirates,AE,hi,Hindi,Bio,मनोचिकित्सा,Professional role,300,10000,350,
United Arab Emirates,AE,hi,Hindi,Bio,संज्ञानात्मक व्यवहार थेरेपी,Therapy approach,300,10000,350,
United Arab Emirates,AE,hi,Hindi,Bio,EMDR,Therapy approach,300,10000,350,
United Arab Emirates,AE,hi,Hindi,Captions,मानसिक स्वास्थ्य,Mental health,300,10000,350,
United Arab Emirates,AE,hi,Hindi,Captions,चिंता,Anxiety,300,10000,350,
United Arab Emirates,AE,hi,Hindi,Captions,भावनात्मक थकान,Burnout / exhaustion,300,10000,350,
United Arab Emirates,AE,hi,Hindi,Captions,अकेलापन,Loneliness,300,10000,350,
United Arab Emirates,AE,hi,Hindi,Captions,भावनात्मक नियंत्रण,Emotional regulation,300,10000,350,
United Arab Emirates,AE,hi,Hindi,Captions,वैवाहिक परामर्श,Couple / relationships,300,10000,350,
United Arab Emirates,AE,hi,Hindi,Captions,परवरिश का तनाव,Parenting stress,300,10000,350,
United Arab Emirates,AE,hi,Hindi,Captions,नशा मुक्ति,Addictions,300,10000,350,
United Arab Emirates,AE,hi,Hindi,Captions,माइंडफुलनेस मेडिटेशन,Meditation / mindfulness,300,10000,350,
United Arab Emirates,AE,hi,Hindi,Captions,साँस के व्यायाम,Breathing / coping,300,10000,350,
United Arab Emirates,AE,hi,Hindi,Captions,यौन स्वास्थ्य,Sexual wellbeing / intimacy,300,10000,350,
United Arab Emirates,AE,hi,Hindi,Captions,chinta,Anxiety,300,10000,350,
United Arab Emirates,AE,hi,Hindi,Captions,akelapan,Loneliness,300,10000,350,
United Arab Emirates,AE,hi,Hindi,Captions,मनोवैज्ञानिक आघात,Psychological trauma,300,10000,350,
United Arab Emirates,AE,hi,Hindi,Captions,आत्मसम्मान,Self-esteem,300,10000,350,
United Arab Emirates,AE,ur,Urdu,Bio,ماہر نفسیات,Professional role,300,10000,350,
United Arab Emirates,AE,ur,Urdu,Bio,ماہر امراض نفسیات,Professional role,300,10000,350,
United Arab Emirates,AE,ur,Urdu,Bio,سائیکوتھراپسٹ,Professional role,300,10000,350,
United Arab Emirates,AE,ur,Urdu,Bio,کاگنیٹو بیہیویئرل تھراپی,Therapy approach,300,10000,350,
United Arab Emirates,AE,ur,Urdu,Bio,EMDR,Therapy approach,300,10000,350,
United Arab Emirates,AE,ur,Urdu,Captions,ذہنی صحت,Mental health,300,10000,350,
United Arab Emirates,AE,ur,Urdu,Captions,بے چینی,Anxiety,300,10000,350,
United Arab Emirates,AE,ur,Urdu,Captions,ذہنی تھکن,Burnout / exhaustion,300,10000,350,
United Arab Emirates,AE,ur,Urdu,Captions,تنہائی,Loneliness,300,10000,350,
United Arab Emirates,AE,ur,Urdu,Captions,جذبات پر قابو,Emotional regulation,300,10000,350,
United Arab Emirates,AE,ur,Urdu,Captions,ازدواجی مشاورت,Couple / relationships,300,10000,350,
United Arab Emirates,AE,ur,Urdu,Captions,والدین کا ذہنی دباؤ,Parenting stress,300,10000,350,
United Arab Emirates,AE,ur,Urdu,Captions,نشے سے نجات,Addictions,300,10000,350,
United Arab Emirates,AE,ur,Urdu,Captions,مائنڈفلنیس میڈیٹیشن,Meditation / mindfulness,300,10000,350,
United Arab Emirates,AE,ur,Urdu,Captions,سانس کی مشقیں,Breathing / coping,300,10000,350,
United Arab Emirates,AE,ur,Urdu,Captions,جنسی صحت,Sexual wellbeing / intimacy,300,10000,350,
United Arab Emirates,AE,ur,Urdu,Captions,zehni sehat,Mental health,300,10000,350,
United Arab Emirates,AE,ur,Urdu,Captions,tanhai,Loneliness,300,10000,350,
United Arab Emirates,AE,ur,Urdu,Captions,نفسیاتی صدمہ,Psychological trauma,300,10000,350,
United Arab Emirates,AE,ur,Urdu,Captions,خود اعتمادی,Self-esteem,300,10000,350,
Kenya,KE,en,English,Bio,psychologist,Professional role,300,10000,300,
Kenya,KE,en,English,Bio,psychiatrist,Professional role,300,10000,300,
Kenya,KE,en,English,Bio,psychotherapist,Professional role,300,10000,300,
Kenya,KE,en,English,Bio,mental health counselor,Professional role,300,10000,300,
Kenya,KE,en,English,Bio,mental health counsellor,Professional role,300,10000,300,
Kenya,KE,en,English,Bio,cognitive behavioral therapy,Therapy approach,300,10000,300,
Kenya,KE,en,English,Bio,EMDR,Therapy approach,300,10000,300,
Kenya,KE,en,English,Bio,CBT,Therapy approach,300,10000,300,
Kenya,KE,en,English,Bio,cognitive behavioural therapy,Therapy approach,300,10000,300,
Kenya,KE,en,English,Bio,sex therapist,Professional role,300,10000,300,
Kenya,KE,en,English,Bio,couples therapist,Professional role,300,10000,300,
Kenya,KE,en,English,Captions,mental health,Mental health,300,10000,300,
Kenya,KE,en,English,Captions,anxiety,Anxiety,300,10000,300,
Kenya,KE,en,English,Captions,burnout,Burnout / exhaustion,300,10000,300,
Kenya,KE,en,English,Captions,loneliness,Loneliness,300,10000,300,
Kenya,KE,en,English,Captions,emotional regulation,Emotional regulation,300,10000,300,
Kenya,KE,en,English,Captions,couples communication,Couple / relationships,300,10000,300,
Kenya,KE,en,English,Captions,parental burnout,Parenting stress,300,10000,300,
Kenya,KE,en,English,Captions,addiction recovery,Addictions,300,10000,300,
Kenya,KE,en,English,Captions,mindfulness meditation,Meditation / mindfulness,300,10000,300,
Kenya,KE,en,English,Captions,breathing exercises,Breathing / coping,300,10000,300,
Kenya,KE,en,English,Captions,sexual wellbeing,Sexual wellbeing / intimacy,300,10000,300,
Kenya,KE,en,English,Captions,anxious attachment,Attachment,300,10000,300,
Kenya,KE,en,English,Captions,relationship advice,Couple / relationships,300,10000,300,
Kenya,KE,en,English,Captions,quit smoking,Addictions,300,10000,300,
Kenya,KE,en,English,Captions,sobriety,Addictions,300,10000,300,
Kenya,KE,en,English,Captions,overthinking,Anxiety,300,10000,300,
Kenya,KE,en,English,Captions,psychological trauma,Psychological trauma,300,10000,300,
Kenya,KE,en,English,Captions,self-esteem,Self-esteem,300,10000,300,
Romania,RO,ro,Romanian,Bio,psiholog,Professional role,300,10000,250,
Romania,RO,ro,Romanian,Bio,psihiatru,Professional role,300,10000,250,
Romania,RO,ro,Romanian,Bio,psihoterapeut,Professional role,300,10000,250,
Romania,RO,ro,Romanian,Bio,terapie cognitiv comportamentală,Therapy approach,300,10000,250,
Romania,RO,ro,Romanian,Bio,EMDR,Therapy approach,300,10000,250,
Romania,RO,ro,Romanian,Captions,sănătate mintală,Mental health,300,10000,250,
Romania,RO,ro,Romanian,Captions,anxietate,Anxiety,300,10000,250,
Romania,RO,ro,Romanian,Captions,epuizare profesională,Burnout / exhaustion,300,10000,250,
Romania,RO,ro,Romanian,Captions,singurătate,Loneliness,300,10000,250,
Romania,RO,ro,Romanian,Captions,reglare emoțională,Emotional regulation,300,10000,250,
Romania,RO,ro,Romanian,Captions,terapie de cuplu,Couple / relationships,300,10000,250,
Romania,RO,ro,Romanian,Captions,epuizare parentală,Parenting stress,300,10000,250,
Romania,RO,ro,Romanian,Captions,dependențe,Addictions,300,10000,250,
Romania,RO,ro,Romanian,Captions,meditație mindfulness,Meditation / mindfulness,300,10000,250,
Romania,RO,ro,Romanian,Captions,exerciții de respirație,Breathing / coping,300,10000,250,
Romania,RO,ro,Romanian,Captions,bunăstare sexuală,Sexual wellbeing / intimacy,300,10000,250,
Romania,RO,ro,Romanian,Captions,traumă psihologică,Psychological trauma,300,10000,250,
Romania,RO,ro,Romanian,Captions,stima de sine,Self-esteem,300,10000,250,
Romania,RO,ro,Romanian,Captions,atașament anxios,Attachment,300,10000,250,
Netherlands,NL,nl,Dutch,Bio,psycholoog,Professional role,300,10000,300,
Netherlands,NL,nl,Dutch,Bio,psychiater,Professional role,300,10000,300,
Netherlands,NL,nl,Dutch,Bio,psychotherapeut,Professional role,300,10000,300,
Netherlands,NL,nl,Dutch,Bio,cognitieve gedragstherapie,Therapy approach,300,10000,300,
Netherlands,NL,nl,Dutch,Bio,EMDR,Therapy approach,300,10000,300,
Netherlands,NL,nl,Dutch,Bio,CGT,Therapy approach,300,10000,300,
Netherlands,NL,nl,Dutch,Captions,mentale gezondheid,Mental health,300,10000,300,
Netherlands,NL,nl,Dutch,Captions,angststoornis,Anxiety,300,10000,300,
Netherlands,NL,nl,Dutch,Captions,burn-out,Burnout / exhaustion,300,10000,300,
Netherlands,NL,nl,Dutch,Captions,eenzaamheid,Loneliness,300,10000,300,
Netherlands,NL,nl,Dutch,Captions,emotieregulatie,Emotional regulation,300,10000,300,
Netherlands,NL,nl,Dutch,Captions,relatietherapie,Couple / relationships,300,10000,300,
Netherlands,NL,nl,Dutch,Captions,ouderlijke burn-out,Parenting stress,300,10000,300,
Netherlands,NL,nl,Dutch,Captions,verslavingsherstel,Addictions,300,10000,300,
Netherlands,NL,nl,Dutch,Captions,mindfulness meditatie,Meditation / mindfulness,300,10000,300,
Netherlands,NL,nl,Dutch,Captions,ademhalingsoefeningen,Breathing / coping,300,10000,300,
Netherlands,NL,nl,Dutch,Captions,seksueel welzijn,Sexual wellbeing / intimacy,300,10000,300,
Netherlands,NL,nl,Dutch,Captions,psychisch trauma,Psychological trauma,300,10000,300,
Netherlands,NL,nl,Dutch,Captions,zelfwaardering,Self-esteem,300,10000,300,
Netherlands,NL,nl,Dutch,Captions,angstige hechting,Attachment,300,10000,300,
Ghana,GH,en,English,Bio,psychologist,Professional role,300,10000,200,
Ghana,GH,en,English,Bio,psychiatrist,Professional role,300,10000,200,
Ghana,GH,en,English,Bio,psychotherapist,Professional role,300,10000,200,
Ghana,GH,en,English,Bio,mental health counselor,Professional role,300,10000,200,
Ghana,GH,en,English,Bio,mental health counsellor,Professional role,300,10000,200,
Ghana,GH,en,English,Bio,cognitive behavioral therapy,Therapy approach,300,10000,200,
Ghana,GH,en,English,Bio,EMDR,Therapy approach,300,10000,200,
Ghana,GH,en,English,Bio,CBT,Therapy approach,300,10000,200,
Ghana,GH,en,English,Bio,cognitive behavioural therapy,Therapy approach,300,10000,200,
Ghana,GH,en,English,Bio,sex therapist,Professional role,300,10000,200,
Ghana,GH,en,English,Bio,couples therapist,Professional role,300,10000,200,
Ghana,GH,en,English,Captions,mental health,Mental health,300,10000,200,
Ghana,GH,en,English,Captions,anxiety,Anxiety,300,10000,200,
Ghana,GH,en,English,Captions,burnout,Burnout / exhaustion,300,10000,200,
Ghana,GH,en,English,Captions,loneliness,Loneliness,300,10000,200,
Ghana,GH,en,English,Captions,emotional regulation,Emotional regulation,300,10000,200,
Ghana,GH,en,English,Captions,couples communication,Couple / relationships,300,10000,200,
Ghana,GH,en,English,Captions,parental burnout,Parenting stress,300,10000,200,
Ghana,GH,en,English,Captions,addiction recovery,Addictions,300,10000,200,
Ghana,GH,en,English,Captions,mindfulness meditation,Meditation / mindfulness,300,10000,200,
Ghana,GH,en,English,Captions,breathing exercises,Breathing / coping,300,10000,200,
Ghana,GH,en,English,Captions,sexual wellbeing,Sexual wellbeing / intimacy,300,10000,200,
Ghana,GH,en,English,Captions,anxious attachment,Attachment,300,10000,200,
Ghana,GH,en,English,Captions,relationship advice,Couple / relationships,300,10000,200,
Ghana,GH,en,English,Captions,quit smoking,Addictions,300,10000,200,
Ghana,GH,en,English,Captions,sobriety,Addictions,300,10000,200,
Ghana,GH,en,English,Captions,overthinking,Anxiety,300,10000,200,
Ghana,GH,en,English,Captions,psychological trauma,Psychological trauma,300,10000,200,
Ghana,GH,en,English,Captions,self-esteem,Self-esteem,300,10000,200,
Portugal,PT,pt,Portuguese (Portugal),Bio,psicólogo,Professional role,300,10000,200,
Portugal,PT,pt,Portuguese (Portugal),Bio,psicóloga,Professional role,300,10000,200,
Portugal,PT,pt,Portuguese (Portugal),Bio,psicologo,Professional role,300,10000,200,
Portugal,PT,pt,Portuguese (Portugal),Bio,psicologa,Professional role,300,10000,200,
Portugal,PT,pt,Portuguese (Portugal),Bio,psiquiatra,Professional role,300,10000,200,
Portugal,PT,pt,Portuguese (Portugal),Bio,psicoterapeuta,Professional role,300,10000,200,
Portugal,PT,pt,Portuguese (Portugal),Bio,terapia cognitivo comportamental,Therapy approach,300,10000,200,
Portugal,PT,pt,Portuguese (Portugal),Bio,EMDR,Therapy approach,300,10000,200,
Portugal,PT,pt,Portuguese (Portugal),Bio,TCC,Therapy approach,300,10000,200,
Portugal,PT,pt,Portuguese (Portugal),Bio,sexólogo,Professional role,300,10000,200,
Portugal,PT,pt,Portuguese (Portugal),Bio,sexóloga,Professional role,300,10000,200,
Portugal,PT,pt,Portuguese (Portugal),Captions,saúde mental,Mental health,300,10000,200,
Portugal,PT,pt,Portuguese (Portugal),Captions,ansiedade,Anxiety,300,10000,200,
Portugal,PT,pt,Portuguese (Portugal),Captions,esgotamento profissional,Burnout / exhaustion,300,10000,200,
Portugal,PT,pt,Portuguese (Portugal),Captions,solidão,Loneliness,300,10000,200,
Portugal,PT,pt,Portuguese (Portugal),Captions,regulação emocional,Emotional regulation,300,10000,200,
Portugal,PT,pt,Portuguese (Portugal),Captions,terapia de casal,Couple / relationships,300,10000,200,
Portugal,PT,pt,Portuguese (Portugal),Captions,burnout parental,Parenting stress,300,10000,200,
Portugal,PT,pt,Portuguese (Portugal),Captions,comportamentos aditivos,Addictions,300,10000,200,
Portugal,PT,pt,Portuguese (Portugal),Captions,meditação mindfulness,Meditation / mindfulness,300,10000,200,
Portugal,PT,pt,Portuguese (Portugal),Captions,exercícios de respiração,Breathing / coping,300,10000,200,
Portugal,PT,pt,Portuguese (Portugal),Captions,bem-estar sexual,Sexual wellbeing / intimacy,300,10000,200,
Portugal,PT,pt,Portuguese (Portugal),Captions,burnout,Burnout / exhaustion,300,10000,200,
Portugal,PT,pt,Portuguese (Portugal),Captions,apego ansioso,Attachment,300,10000,200,
Portugal,PT,pt,Portuguese (Portugal),Captions,trauma psicológico,Psychological trauma,300,10000,200,
Portugal,PT,pt,Portuguese (Portugal),Captions,autoestima,Self-esteem,300,10000,200,
Portugal,PT,pt,Portuguese (Portugal),Captions,vinculação ansiosa,Attachment,300,10000,200,
Israel,IL,en,English,Bio,psychologist,Professional role,300,10000,200,
Israel,IL,en,English,Bio,psychiatrist,Professional role,300,10000,200,
Israel,IL,en,English,Bio,psychotherapist,Professional role,300,10000,200,
Israel,IL,en,English,Bio,mental health counselor,Professional role,300,10000,200,
Israel,IL,en,English,Bio,mental health counsellor,Professional role,300,10000,200,
Israel,IL,en,English,Bio,cognitive behavioral therapy,Therapy approach,300,10000,200,
Israel,IL,en,English,Bio,EMDR,Therapy approach,300,10000,200,
Israel,IL,en,English,Bio,CBT,Therapy approach,300,10000,200,
Israel,IL,en,English,Bio,cognitive behavioural therapy,Therapy approach,300,10000,200,
Israel,IL,en,English,Bio,sex therapist,Professional role,300,10000,200,
Israel,IL,en,English,Bio,couples therapist,Professional role,300,10000,200,
Israel,IL,en,English,Captions,mental health,Mental health,300,10000,200,
Israel,IL,en,English,Captions,anxiety,Anxiety,300,10000,200,
Israel,IL,en,English,Captions,burnout,Burnout / exhaustion,300,10000,200,
Israel,IL,en,English,Captions,loneliness,Loneliness,300,10000,200,
Israel,IL,en,English,Captions,emotional regulation,Emotional regulation,300,10000,200,
Israel,IL,en,English,Captions,couples communication,Couple / relationships,300,10000,200,
Israel,IL,en,English,Captions,parental burnout,Parenting stress,300,10000,200,
Israel,IL,en,English,Captions,addiction recovery,Addictions,300,10000,200,
Israel,IL,en,English,Captions,mindfulness meditation,Meditation / mindfulness,300,10000,200,
Israel,IL,en,English,Captions,breathing exercises,Breathing / coping,300,10000,200,
Israel,IL,en,English,Captions,sexual wellbeing,Sexual wellbeing / intimacy,300,10000,200,
Israel,IL,en,English,Captions,anxious attachment,Attachment,300,10000,200,
Israel,IL,en,English,Captions,relationship advice,Couple / relationships,300,10000,200,
Israel,IL,en,English,Captions,quit smoking,Addictions,300,10000,200,
Israel,IL,en,English,Captions,sobriety,Addictions,300,10000,200,
Israel,IL,en,English,Captions,overthinking,Anxiety,300,10000,200,
Israel,IL,en,English,Captions,psychological trauma,Psychological trauma,300,10000,200,
Israel,IL,en,English,Captions,self-esteem,Self-esteem,300,10000,200,
Israel,IL,ar,Arabic,Bio,أخصائي نفسي,Professional role,300,10000,200,
Israel,IL,ar,Arabic,Bio,أخصائية نفسية,Professional role,300,10000,200,
Israel,IL,ar,Arabic,Bio,اخصائي نفسي,Professional role,300,10000,200,
Israel,IL,ar,Arabic,Bio,طبيب نفسي,Professional role,300,10000,200,
Israel,IL,ar,Arabic,Bio,طبيبة نفسية,Professional role,300,10000,200,
Israel,IL,ar,Arabic,Bio,معالج نفسي,Professional role,300,10000,200,
Israel,IL,ar,Arabic,Bio,معالجة نفسية,Professional role,300,10000,200,
Israel,IL,ar,Arabic,Bio,العلاج المعرفي السلوكي,Therapy approach,300,10000,200,
Israel,IL,ar,Arabic,Bio,EMDR,Therapy approach,300,10000,200,
Israel,IL,ar,Arabic,Captions,الصحة النفسية,Mental health,300,10000,200,
Israel,IL,ar,Arabic,Captions,القلق,Anxiety,300,10000,200,
Israel,IL,ar,Arabic,Captions,الاحتراق النفسي,Burnout / exhaustion,300,10000,200,
Israel,IL,ar,Arabic,Captions,الشعور بالوحدة,Loneliness,300,10000,200,
Israel,IL,ar,Arabic,Captions,تنظيم المشاعر,Emotional regulation,300,10000,200,
Israel,IL,ar,Arabic,Captions,العلاقات الزوجية,Couple / relationships,300,10000,200,
Israel,IL,ar,Arabic,Captions,الإرهاق الوالدي,Parenting stress,300,10000,200,
Israel,IL,ar,Arabic,Captions,التعافي من الإدمان,Addictions,300,10000,200,
Israel,IL,ar,Arabic,Captions,التأمل الواعي,Meditation / mindfulness,300,10000,200,
Israel,IL,ar,Arabic,Captions,تمارين التنفس,Breathing / coping,300,10000,200,
Israel,IL,ar,Arabic,Captions,الصحة الجنسية,Sexual wellbeing / intimacy,300,10000,200,
Israel,IL,ar,Arabic,Captions,الصدمة النفسية,Psychological trauma,300,10000,200,
Israel,IL,ar,Arabic,Captions,تقدير الذات,Self-esteem,300,10000,200,
Israel,IL,ar,Arabic,Captions,التعلق القلق,Attachment,300,10000,200,
Israel,IL,he,Hebrew,Bio,פסיכולוג,Professional role,300,10000,200,
Israel,IL,he,Hebrew,Bio,פסיכולוגית,Professional role,300,10000,200,
Israel,IL,he,Hebrew,Bio,פסיכיאטר,Professional role,300,10000,200,
Israel,IL,he,Hebrew,Bio,פסיכיאטרית,Professional role,300,10000,200,
Israel,IL,he,Hebrew,Bio,פסיכותרפיסט,Professional role,300,10000,200,
Israel,IL,he,Hebrew,Bio,פסיכותרפיסטית,Professional role,300,10000,200,
Israel,IL,he,Hebrew,Bio,טיפול קוגניטיבי התנהגותי,Therapy approach,300,10000,200,
Israel,IL,he,Hebrew,Bio,EMDR,Therapy approach,300,10000,200,
Israel,IL,he,Hebrew,Captions,בריאות הנפש,Mental health,300,10000,200,
Israel,IL,he,Hebrew,Captions,חרדה,Anxiety,300,10000,200,
Israel,IL,he,Hebrew,Captions,שחיקה,Burnout / exhaustion,300,10000,200,
Israel,IL,he,Hebrew,Captions,בדידות,Loneliness,300,10000,200,
Israel,IL,he,Hebrew,Captions,ויסות רגשי,Emotional regulation,300,10000,200,
Israel,IL,he,Hebrew,Captions,טיפול זוגי,Couple / relationships,300,10000,200,
Israel,IL,he,Hebrew,Captions,שחיקה הורית,Parenting stress,300,10000,200,
Israel,IL,he,Hebrew,Captions,התמכרויות,Addictions,300,10000,200,
Israel,IL,he,Hebrew,Captions,מדיטציית מיינדפולנס,Meditation / mindfulness,300,10000,200,
Israel,IL,he,Hebrew,Captions,תרגילי נשימה,Breathing / coping,300,10000,200,
Israel,IL,he,Hebrew,Captions,רווחה מינית,Sexual wellbeing / intimacy,300,10000,200,
Israel,IL,he,Hebrew,Captions,טראומה נפשית,Psychological trauma,300,10000,200,
Israel,IL,he,Hebrew,Captions,הערכה עצמית,Self-esteem,300,10000,200,
Israel,IL,he,Hebrew,Captions,התקשרות חרדה,Attachment,300,10000,200,
Tunisia,TN,fr,French,Bio,psychologue,Professional role,300,10000,200,
Tunisia,TN,fr,French,Bio,psychiatre,Professional role,300,10000,200,
Tunisia,TN,fr,French,Bio,psychothérapeute,Professional role,300,10000,200,
Tunisia,TN,fr,French,Bio,psychotherapeute,Professional role,300,10000,200,
Tunisia,TN,fr,French,Bio,thérapie cognitive et comportementale,Therapy approach,300,10000,200,
Tunisia,TN,fr,French,Bio,EMDR,Therapy approach,300,10000,200,
Tunisia,TN,fr,French,Bio,TCC,Therapy approach,300,10000,200,
Tunisia,TN,fr,French,Bio,sexologue,Professional role,300,10000,200,
Tunisia,TN,fr,French,Bio,thérapeute de couple,Professional role,300,10000,200,
Tunisia,TN,fr,French,Captions,santé mentale,Mental health,300,10000,200,
Tunisia,TN,fr,French,Captions,anxiété,Anxiety,300,10000,200,
Tunisia,TN,fr,French,Captions,burnout,Burnout / exhaustion,300,10000,200,
Tunisia,TN,fr,French,Captions,solitude,Loneliness,300,10000,200,
Tunisia,TN,fr,French,Captions,régulation émotionnelle,Emotional regulation,300,10000,200,
Tunisia,TN,fr,French,Captions,communication dans le couple,Couple / relationships,300,10000,200,
Tunisia,TN,fr,French,Captions,burnout parental,Parenting stress,300,10000,200,
Tunisia,TN,fr,French,Captions,addictions,Addictions,300,10000,200,
Tunisia,TN,fr,French,Captions,méditation de pleine conscience,Meditation / mindfulness,300,10000,200,
Tunisia,TN,fr,French,Captions,exercices de respiration,Breathing / coping,300,10000,200,
Tunisia,TN,fr,French,Captions,bien-être sexuel,Sexual wellbeing / intimacy,300,10000,200,
Tunisia,TN,fr,French,Captions,angoisse,Anxiety,300,10000,200,
Tunisia,TN,fr,French,Captions,attachement anxieux,Attachment,300,10000,200,
Tunisia,TN,fr,French,Captions,cohérence cardiaque,Breathing / coping,300,10000,200,
Tunisia,TN,fr,French,Captions,charge mentale,Parenting / stress,300,10000,200,
Tunisia,TN,fr,French,Captions,arrêter de fumer,Addictions,300,10000,200,
Tunisia,TN,fr,French,Captions,sobriété,Addictions,300,10000,200,
Tunisia,TN,fr,French,Captions,traumatisme psychologique,Psychological trauma,300,10000,200,
Tunisia,TN,fr,French,Captions,estime de soi,Self-esteem,300,10000,200,
Tunisia,TN,ar,Arabic,Bio,أخصائي نفسي,Professional role,300,10000,200,
Tunisia,TN,ar,Arabic,Bio,أخصائية نفسية,Professional role,300,10000,200,
Tunisia,TN,ar,Arabic,Bio,اخصائي نفسي,Professional role,300,10000,200,
Tunisia,TN,ar,Arabic,Bio,طبيب نفسي,Professional role,300,10000,200,
Tunisia,TN,ar,Arabic,Bio,طبيبة نفسية,Professional role,300,10000,200,
Tunisia,TN,ar,Arabic,Bio,معالج نفسي,Professional role,300,10000,200,
Tunisia,TN,ar,Arabic,Bio,معالجة نفسية,Professional role,300,10000,200,
Tunisia,TN,ar,Arabic,Bio,العلاج المعرفي السلوكي,Therapy approach,300,10000,200,
Tunisia,TN,ar,Arabic,Bio,EMDR,Therapy approach,300,10000,200,
Tunisia,TN,ar,Arabic,Captions,الصحة النفسية,Mental health,300,10000,200,
Tunisia,TN,ar,Arabic,Captions,القلق,Anxiety,300,10000,200,
Tunisia,TN,ar,Arabic,Captions,الاحتراق النفسي,Burnout / exhaustion,300,10000,200,
Tunisia,TN,ar,Arabic,Captions,الشعور بالوحدة,Loneliness,300,10000,200,
Tunisia,TN,ar,Arabic,Captions,تنظيم المشاعر,Emotional regulation,300,10000,200,
Tunisia,TN,ar,Arabic,Captions,العلاقات الزوجية,Couple / relationships,300,10000,200,
Tunisia,TN,ar,Arabic,Captions,الإرهاق الوالدي,Parenting stress,300,10000,200,
Tunisia,TN,ar,Arabic,Captions,التعافي من الإدمان,Addictions,300,10000,200,
Tunisia,TN,ar,Arabic,Captions,التأمل الواعي,Meditation / mindfulness,300,10000,200,
Tunisia,TN,ar,Arabic,Captions,تمارين التنفس,Breathing / coping,300,10000,200,
Tunisia,TN,ar,Arabic,Captions,الصحة الجنسية,Sexual wellbeing / intimacy,300,10000,200,
Tunisia,TN,ar,Arabic,Captions,الصدمة النفسية,Psychological trauma,300,10000,200,
Tunisia,TN,ar,Arabic,Captions,تقدير الذات,Self-esteem,300,10000,200,
Tunisia,TN,ar,Arabic,Captions,التعلق القلق,Attachment,300,10000,200,
Belgium,BE,fr,French,Bio,psychologue,Professional role,300,10000,150,
Belgium,BE,fr,French,Bio,psychiatre,Professional role,300,10000,150,
Belgium,BE,fr,French,Bio,psychothérapeute,Professional role,300,10000,150,
Belgium,BE,fr,French,Bio,psychotherapeute,Professional role,300,10000,150,
Belgium,BE,fr,French,Bio,thérapie cognitive et comportementale,Therapy approach,300,10000,150,
Belgium,BE,fr,French,Bio,EMDR,Therapy approach,300,10000,150,
Belgium,BE,fr,French,Bio,TCC,Therapy approach,300,10000,150,
Belgium,BE,fr,French,Bio,sexologue,Professional role,300,10000,150,
Belgium,BE,fr,French,Bio,thérapeute de couple,Professional role,300,10000,150,
Belgium,BE,fr,French,Captions,santé mentale,Mental health,300,10000,150,
Belgium,BE,fr,French,Captions,anxiété,Anxiety,300,10000,150,
Belgium,BE,fr,French,Captions,burnout,Burnout / exhaustion,300,10000,150,
Belgium,BE,fr,French,Captions,solitude,Loneliness,300,10000,150,
Belgium,BE,fr,French,Captions,régulation émotionnelle,Emotional regulation,300,10000,150,
Belgium,BE,fr,French,Captions,communication dans le couple,Couple / relationships,300,10000,150,
Belgium,BE,fr,French,Captions,burnout parental,Parenting stress,300,10000,150,
Belgium,BE,fr,French,Captions,addictions,Addictions,300,10000,150,
Belgium,BE,fr,French,Captions,méditation de pleine conscience,Meditation / mindfulness,300,10000,150,
Belgium,BE,fr,French,Captions,exercices de respiration,Breathing / coping,300,10000,150,
Belgium,BE,fr,French,Captions,bien-être sexuel,Sexual wellbeing / intimacy,300,10000,150,
Belgium,BE,fr,French,Captions,angoisse,Anxiety,300,10000,150,
Belgium,BE,fr,French,Captions,attachement anxieux,Attachment,300,10000,150,
Belgium,BE,fr,French,Captions,cohérence cardiaque,Breathing / coping,300,10000,150,
Belgium,BE,fr,French,Captions,charge mentale,Parenting / stress,300,10000,150,
Belgium,BE,fr,French,Captions,arrêter de fumer,Addictions,300,10000,150,
Belgium,BE,fr,French,Captions,sobriété,Addictions,300,10000,150,
Belgium,BE,fr,French,Captions,traumatisme psychologique,Psychological trauma,300,10000,150,
Belgium,BE,fr,French,Captions,estime de soi,Self-esteem,300,10000,150,
Belgium,BE,de,German,Bio,Psychologe,Professional role,300,10000,150,
Belgium,BE,de,German,Bio,Psychologin,Professional role,300,10000,150,
Belgium,BE,de,German,Bio,Psychiater,Professional role,300,10000,150,
Belgium,BE,de,German,Bio,Psychiaterin,Professional role,300,10000,150,
Belgium,BE,de,German,Bio,Psychotherapeut,Professional role,300,10000,150,
Belgium,BE,de,German,Bio,Psychotherapeutin,Professional role,300,10000,150,
Belgium,BE,de,German,Bio,kognitive Verhaltenstherapie,Therapy approach,300,10000,150,
Belgium,BE,de,German,Bio,EMDR,Therapy approach,300,10000,150,
Belgium,BE,de,German,Bio,Verhaltenstherapie,Therapy approach,300,10000,150,
Belgium,BE,de,German,Bio,Sexualtherapeut,Professional role,300,10000,150,
Belgium,BE,de,German,Bio,Sexualtherapeutin,Professional role,300,10000,150,
Belgium,BE,de,German,Captions,psychische Gesundheit,Mental health,300,10000,150,
Belgium,BE,de,German,Captions,Angststörung,Anxiety,300,10000,150,
Belgium,BE,de,German,Captions,Burnout,Burnout / exhaustion,300,10000,150,
Belgium,BE,de,German,Captions,Einsamkeit,Loneliness,300,10000,150,
Belgium,BE,de,German,Captions,Emotionsregulation,Emotional regulation,300,10000,150,
Belgium,BE,de,German,Captions,Paartherapie,Couple / relationships,300,10000,150,
Belgium,BE,de,German,Captions,Elternburnout,Parenting stress,300,10000,150,
Belgium,BE,de,German,Captions,Suchtbewältigung,Addictions,300,10000,150,
Belgium,BE,de,German,Captions,Achtsamkeitsmeditation,Meditation / mindfulness,300,10000,150,
Belgium,BE,de,German,Captions,Atemübungen,Breathing / coping,300,10000,150,
Belgium,BE,de,German,Captions,sexuelles Wohlbefinden,Sexual wellbeing / intimacy,300,10000,150,
Belgium,BE,de,German,Captions,Angst,Anxiety,300,10000,150,
Belgium,BE,de,German,Captions,rauchfrei,Addictions,300,10000,150,
Belgium,BE,de,German,Captions,psychisches Trauma,Psychological trauma,300,10000,150,
Belgium,BE,de,German,Captions,Selbstwertgefühl,Self-esteem,300,10000,150,
Belgium,BE,de,German,Captions,ängstlicher Bindungsstil,Attachment,300,10000,150,
Belgium,BE,nl,Dutch,Bio,psycholoog,Professional role,300,10000,150,
Belgium,BE,nl,Dutch,Bio,psychiater,Professional role,300,10000,150,
Belgium,BE,nl,Dutch,Bio,psychotherapeut,Professional role,300,10000,150,
Belgium,BE,nl,Dutch,Bio,cognitieve gedragstherapie,Therapy approach,300,10000,150,
Belgium,BE,nl,Dutch,Bio,EMDR,Therapy approach,300,10000,150,
Belgium,BE,nl,Dutch,Bio,CGT,Therapy approach,300,10000,150,
Belgium,BE,nl,Dutch,Captions,mentale gezondheid,Mental health,300,10000,150,
Belgium,BE,nl,Dutch,Captions,angststoornis,Anxiety,300,10000,150,
Belgium,BE,nl,Dutch,Captions,burn-out,Burnout / exhaustion,300,10000,150,
Belgium,BE,nl,Dutch,Captions,eenzaamheid,Loneliness,300,10000,150,
Belgium,BE,nl,Dutch,Captions,emotieregulatie,Emotional regulation,300,10000,150,
Belgium,BE,nl,Dutch,Captions,relatietherapie,Couple / relationships,300,10000,150,
Belgium,BE,nl,Dutch,Captions,ouderlijke burn-out,Parenting stress,300,10000,150,
Belgium,BE,nl,Dutch,Captions,verslavingsherstel,Addictions,300,10000,150,
Belgium,BE,nl,Dutch,Captions,mindfulness meditatie,Meditation / mindfulness,300,10000,150,
Belgium,BE,nl,Dutch,Captions,ademhalingsoefeningen,Breathing / coping,300,10000,150,
Belgium,BE,nl,Dutch,Captions,seksueel welzijn,Sexual wellbeing / intimacy,300,10000,150,
Belgium,BE,nl,Dutch,Captions,psychisch trauma,Psychological trauma,300,10000,150,
Belgium,BE,nl,Dutch,Captions,zelfwaardering,Self-esteem,300,10000,150,
Belgium,BE,nl,Dutch,Captions,angstige hechting,Attachment,300,10000,150,
Jordan,JO,en,English,Bio,psychologist,Professional role,300,10000,150,
Jordan,JO,en,English,Bio,psychiatrist,Professional role,300,10000,150,
Jordan,JO,en,English,Bio,psychotherapist,Professional role,300,10000,150,
Jordan,JO,en,English,Bio,mental health counselor,Professional role,300,10000,150,
Jordan,JO,en,English,Bio,mental health counsellor,Professional role,300,10000,150,
Jordan,JO,en,English,Bio,cognitive behavioral therapy,Therapy approach,300,10000,150,
Jordan,JO,en,English,Bio,EMDR,Therapy approach,300,10000,150,
Jordan,JO,en,English,Bio,CBT,Therapy approach,300,10000,150,
Jordan,JO,en,English,Bio,cognitive behavioural therapy,Therapy approach,300,10000,150,
Jordan,JO,en,English,Bio,sex therapist,Professional role,300,10000,150,
Jordan,JO,en,English,Bio,couples therapist,Professional role,300,10000,150,
Jordan,JO,en,English,Captions,mental health,Mental health,300,10000,150,
Jordan,JO,en,English,Captions,anxiety,Anxiety,300,10000,150,
Jordan,JO,en,English,Captions,burnout,Burnout / exhaustion,300,10000,150,
Jordan,JO,en,English,Captions,loneliness,Loneliness,300,10000,150,
Jordan,JO,en,English,Captions,emotional regulation,Emotional regulation,300,10000,150,
Jordan,JO,en,English,Captions,couples communication,Couple / relationships,300,10000,150,
Jordan,JO,en,English,Captions,parental burnout,Parenting stress,300,10000,150,
Jordan,JO,en,English,Captions,addiction recovery,Addictions,300,10000,150,
Jordan,JO,en,English,Captions,mindfulness meditation,Meditation / mindfulness,300,10000,150,
Jordan,JO,en,English,Captions,breathing exercises,Breathing / coping,300,10000,150,
Jordan,JO,en,English,Captions,sexual wellbeing,Sexual wellbeing / intimacy,300,10000,150,
Jordan,JO,en,English,Captions,anxious attachment,Attachment,300,10000,150,
Jordan,JO,en,English,Captions,relationship advice,Couple / relationships,300,10000,150,
Jordan,JO,en,English,Captions,quit smoking,Addictions,300,10000,150,
Jordan,JO,en,English,Captions,sobriety,Addictions,300,10000,150,
Jordan,JO,en,English,Captions,overthinking,Anxiety,300,10000,150,
Jordan,JO,en,English,Captions,psychological trauma,Psychological trauma,300,10000,150,
Jordan,JO,en,English,Captions,self-esteem,Self-esteem,300,10000,150,
Jordan,JO,ar,Arabic,Bio,أخصائي نفسي,Professional role,300,10000,150,
Jordan,JO,ar,Arabic,Bio,أخصائية نفسية,Professional role,300,10000,150,
Jordan,JO,ar,Arabic,Bio,اخصائي نفسي,Professional role,300,10000,150,
Jordan,JO,ar,Arabic,Bio,طبيب نفسي,Professional role,300,10000,150,
Jordan,JO,ar,Arabic,Bio,طبيبة نفسية,Professional role,300,10000,150,
Jordan,JO,ar,Arabic,Bio,معالج نفسي,Professional role,300,10000,150,
Jordan,JO,ar,Arabic,Bio,معالجة نفسية,Professional role,300,10000,150,
Jordan,JO,ar,Arabic,Bio,العلاج المعرفي السلوكي,Therapy approach,300,10000,150,
Jordan,JO,ar,Arabic,Bio,EMDR,Therapy approach,300,10000,150,
Jordan,JO,ar,Arabic,Captions,الصحة النفسية,Mental health,300,10000,150,
Jordan,JO,ar,Arabic,Captions,القلق,Anxiety,300,10000,150,
Jordan,JO,ar,Arabic,Captions,الاحتراق النفسي,Burnout / exhaustion,300,10000,150,
Jordan,JO,ar,Arabic,Captions,الشعور بالوحدة,Loneliness,300,10000,150,
Jordan,JO,ar,Arabic,Captions,تنظيم المشاعر,Emotional regulation,300,10000,150,
Jordan,JO,ar,Arabic,Captions,العلاقات الزوجية,Couple / relationships,300,10000,150,
Jordan,JO,ar,Arabic,Captions,الإرهاق الوالدي,Parenting stress,300,10000,150,
Jordan,JO,ar,Arabic,Captions,التعافي من الإدمان,Addictions,300,10000,150,
Jordan,JO,ar,Arabic,Captions,التأمل الواعي,Meditation / mindfulness,300,10000,150,
Jordan,JO,ar,Arabic,Captions,تمارين التنفس,Breathing / coping,300,10000,150,
Jordan,JO,ar,Arabic,Captions,الصحة الجنسية,Sexual wellbeing / intimacy,300,10000,150,
Jordan,JO,ar,Arabic,Captions,الصدمة النفسية,Psychological trauma,300,10000,150,
Jordan,JO,ar,Arabic,Captions,تقدير الذات,Self-esteem,300,10000,150,
Jordan,JO,ar,Arabic,Captions,التعلق القلق,Attachment,300,10000,150,
Singapore,SG,en,English,Bio,psychologist,Professional role,300,10000,150,
Singapore,SG,en,English,Bio,psychiatrist,Professional role,300,10000,150,
Singapore,SG,en,English,Bio,psychotherapist,Professional role,300,10000,150,
Singapore,SG,en,English,Bio,mental health counselor,Professional role,300,10000,150,
Singapore,SG,en,English,Bio,mental health counsellor,Professional role,300,10000,150,
Singapore,SG,en,English,Bio,cognitive behavioral therapy,Therapy approach,300,10000,150,
Singapore,SG,en,English,Bio,EMDR,Therapy approach,300,10000,150,
Singapore,SG,en,English,Bio,CBT,Therapy approach,300,10000,150,
Singapore,SG,en,English,Bio,cognitive behavioural therapy,Therapy approach,300,10000,150,
Singapore,SG,en,English,Bio,sex therapist,Professional role,300,10000,150,
Singapore,SG,en,English,Bio,couples therapist,Professional role,300,10000,150,
Singapore,SG,en,English,Captions,mental health,Mental health,300,10000,150,
Singapore,SG,en,English,Captions,anxiety,Anxiety,300,10000,150,
Singapore,SG,en,English,Captions,burnout,Burnout / exhaustion,300,10000,150,
Singapore,SG,en,English,Captions,loneliness,Loneliness,300,10000,150,
Singapore,SG,en,English,Captions,emotional regulation,Emotional regulation,300,10000,150,
Singapore,SG,en,English,Captions,couples communication,Couple / relationships,300,10000,150,
Singapore,SG,en,English,Captions,parental burnout,Parenting stress,300,10000,150,
Singapore,SG,en,English,Captions,addiction recovery,Addictions,300,10000,150,
Singapore,SG,en,English,Captions,mindfulness meditation,Meditation / mindfulness,300,10000,150,
Singapore,SG,en,English,Captions,breathing exercises,Breathing / coping,300,10000,150,
Singapore,SG,en,English,Captions,sexual wellbeing,Sexual wellbeing / intimacy,300,10000,150,
Singapore,SG,en,English,Captions,anxious attachment,Attachment,300,10000,150,
Singapore,SG,en,English,Captions,relationship advice,Couple / relationships,300,10000,150,
Singapore,SG,en,English,Captions,quit smoking,Addictions,300,10000,150,
Singapore,SG,en,English,Captions,sobriety,Addictions,300,10000,150,
Singapore,SG,en,English,Captions,overthinking,Anxiety,300,10000,150,
Singapore,SG,en,English,Captions,psychological trauma,Psychological trauma,300,10000,150,
Singapore,SG,en,English,Captions,self-esteem,Self-esteem,300,10000,150,
Singapore,SG,ta,Tamil,Bio,உளவியலாளர்,Professional role,300,10000,150,
Singapore,SG,ta,Tamil,Bio,மனநல மருத்துவர்,Professional role,300,10000,150,
Singapore,SG,ta,Tamil,Bio,உளவியல் ஆலோசகர்,Professional role,300,10000,150,
Singapore,SG,ta,Tamil,Bio,அறிவாற்றல் நடத்தை சிகிச்சை,Therapy approach,300,10000,150,
Singapore,SG,ta,Tamil,Bio,EMDR,Therapy approach,300,10000,150,
Singapore,SG,ta,Tamil,Captions,மனநலம்,Mental health,300,10000,150,
Singapore,SG,ta,Tamil,Captions,பதட்டம்,Anxiety,300,10000,150,
Singapore,SG,ta,Tamil,Captions,பணிச்சோர்வு,Burnout / exhaustion,300,10000,150,
Singapore,SG,ta,Tamil,Captions,தனிமை,Loneliness,300,10000,150,
Singapore,SG,ta,Tamil,Captions,உணர்ச்சிக் கட்டுப்பாடு,Emotional regulation,300,10000,150,
Singapore,SG,ta,Tamil,Captions,திருமண ஆலோசனை,Couple / relationships,300,10000,150,
Singapore,SG,ta,Tamil,Captions,குழந்தை வளர்ப்பு மன அழுத்தம்,Parenting stress,300,10000,150,
Singapore,SG,ta,Tamil,Captions,போதைப் பழக்கத்திலிருந்து மீட்பு,Addictions,300,10000,150,
Singapore,SG,ta,Tamil,Captions,கவனயீர்ப்பு தியானம்,Meditation / mindfulness,300,10000,150,
Singapore,SG,ta,Tamil,Captions,மூச்சுப் பயிற்சி,Breathing / coping,300,10000,150,
Singapore,SG,ta,Tamil,Captions,பாலியல் நலம்,Sexual wellbeing / intimacy,300,10000,150,
Singapore,SG,ta,Tamil,Captions,உளவியல் அதிர்ச்சி,Psychological trauma,300,10000,150,
Singapore,SG,ta,Tamil,Captions,சுயமரியாதை,Self-esteem,300,10000,150,
Singapore,SG,zh,Simplified Chinese,Bio,心理咨询师,Professional role,300,10000,150,
Singapore,SG,zh,Simplified Chinese,Bio,临床心理师,Professional role,300,10000,150,
Singapore,SG,zh,Simplified Chinese,Bio,精神科医生,Professional role,300,10000,150,
Singapore,SG,zh,Simplified Chinese,Bio,心理辅导员,Professional role,300,10000,150,
Singapore,SG,zh,Simplified Chinese,Bio,认知行为疗法,Therapy approach,300,10000,150,
Singapore,SG,zh,Simplified Chinese,Bio,EMDR,Therapy approach,300,10000,150,
Singapore,SG,zh,Simplified Chinese,Captions,心理健康,Mental health,300,10000,150,
Singapore,SG,zh,Simplified Chinese,Captions,焦虑,Anxiety,300,10000,150,
Singapore,SG,zh,Simplified Chinese,Captions,职业倦怠,Burnout / exhaustion,300,10000,150,
Singapore,SG,zh,Simplified Chinese,Captions,孤独感,Loneliness,300,10000,150,
Singapore,SG,zh,Simplified Chinese,Captions,情绪调节,Emotional regulation,300,10000,150,
Singapore,SG,zh,Simplified Chinese,Captions,伴侣咨询,Couple / relationships,300,10000,150,
Singapore,SG,zh,Simplified Chinese,Captions,育儿压力,Parenting stress,300,10000,150,
Singapore,SG,zh,Simplified Chinese,Captions,成瘾康复,Addictions,300,10000,150,
Singapore,SG,zh,Simplified Chinese,Captions,正念冥想,Meditation / mindfulness,300,10000,150,
Singapore,SG,zh,Simplified Chinese,Captions,呼吸练习,Breathing / coping,300,10000,150,
Singapore,SG,zh,Simplified Chinese,Captions,性健康,Sexual wellbeing / intimacy,300,10000,150,
Singapore,SG,zh,Simplified Chinese,Captions,心理创伤,Psychological trauma,300,10000,150,
Singapore,SG,zh,Simplified Chinese,Captions,自尊,Self-esteem,300,10000,150,
Singapore,SG,zh,Simplified Chinese,Captions,焦虑型依恋,Attachment,300,10000,150,
Singapore,SG,ms,Malay,Bio,ahli psikologi,Professional role,300,10000,150,
Singapore,SG,ms,Malay,Bio,pakar psikiatri,Professional role,300,10000,150,
Singapore,SG,ms,Malay,Bio,ahli psikoterapi,Professional role,300,10000,150,
Singapore,SG,ms,Malay,Bio,kaunselor kesihatan mental,Professional role,300,10000,150,
Singapore,SG,ms,Malay,Bio,terapi tingkah laku kognitif,Therapy approach,300,10000,150,
Singapore,SG,ms,Malay,Bio,EMDR,Therapy approach,300,10000,150,
Singapore,SG,ms,Malay,Captions,kesihatan mental,Mental health,300,10000,150,
Singapore,SG,ms,Malay,Captions,kebimbangan,Anxiety,300,10000,150,
Singapore,SG,ms,Malay,Captions,keletihan emosi,Burnout / exhaustion,300,10000,150,
Singapore,SG,ms,Malay,Captions,kesunyian,Loneliness,300,10000,150,
Singapore,SG,ms,Malay,Captions,pengawalan emosi,Emotional regulation,300,10000,150,
Singapore,SG,ms,Malay,Captions,kaunseling pasangan,Couple / relationships,300,10000,150,
Singapore,SG,ms,Malay,Captions,tekanan keibubapaan,Parenting stress,300,10000,150,
Singapore,SG,ms,Malay,Captions,pemulihan ketagihan,Addictions,300,10000,150,
Singapore,SG,ms,Malay,Captions,meditasi kesedaran,Meditation / mindfulness,300,10000,150,
Singapore,SG,ms,Malay,Captions,latihan pernafasan,Breathing / coping,300,10000,150,
Singapore,SG,ms,Malay,Captions,kesihatan seksual,Sexual wellbeing / intimacy,300,10000,150,
Singapore,SG,ms,Malay,Captions,trauma psikologi,Psychological trauma,300,10000,150,
Singapore,SG,ms,Malay,Captions,harga diri,Self-esteem,300,10000,150,
Singapore,SG,ms,Malay,Captions,keterikatan cemas,Attachment,300,10000,150,
Switzerland,CH,en,English,Bio,psychologist,Professional role,300,10000,150,
Switzerland,CH,en,English,Bio,psychiatrist,Professional role,300,10000,150,
Switzerland,CH,en,English,Bio,psychotherapist,Professional role,300,10000,150,
Switzerland,CH,en,English,Bio,mental health counselor,Professional role,300,10000,150,
Switzerland,CH,en,English,Bio,mental health counsellor,Professional role,300,10000,150,
Switzerland,CH,en,English,Bio,cognitive behavioral therapy,Therapy approach,300,10000,150,
Switzerland,CH,en,English,Bio,EMDR,Therapy approach,300,10000,150,
Switzerland,CH,en,English,Bio,CBT,Therapy approach,300,10000,150,
Switzerland,CH,en,English,Bio,cognitive behavioural therapy,Therapy approach,300,10000,150,
Switzerland,CH,en,English,Bio,sex therapist,Professional role,300,10000,150,
Switzerland,CH,en,English,Bio,couples therapist,Professional role,300,10000,150,
Switzerland,CH,en,English,Captions,mental health,Mental health,300,10000,150,
Switzerland,CH,en,English,Captions,anxiety,Anxiety,300,10000,150,
Switzerland,CH,en,English,Captions,burnout,Burnout / exhaustion,300,10000,150,
Switzerland,CH,en,English,Captions,loneliness,Loneliness,300,10000,150,
Switzerland,CH,en,English,Captions,emotional regulation,Emotional regulation,300,10000,150,
Switzerland,CH,en,English,Captions,couples communication,Couple / relationships,300,10000,150,
Switzerland,CH,en,English,Captions,parental burnout,Parenting stress,300,10000,150,
Switzerland,CH,en,English,Captions,addiction recovery,Addictions,300,10000,150,
Switzerland,CH,en,English,Captions,mindfulness meditation,Meditation / mindfulness,300,10000,150,
Switzerland,CH,en,English,Captions,breathing exercises,Breathing / coping,300,10000,150,
Switzerland,CH,en,English,Captions,sexual wellbeing,Sexual wellbeing / intimacy,300,10000,150,
Switzerland,CH,en,English,Captions,anxious attachment,Attachment,300,10000,150,
Switzerland,CH,en,English,Captions,relationship advice,Couple / relationships,300,10000,150,
Switzerland,CH,en,English,Captions,quit smoking,Addictions,300,10000,150,
Switzerland,CH,en,English,Captions,sobriety,Addictions,300,10000,150,
Switzerland,CH,en,English,Captions,overthinking,Anxiety,300,10000,150,
Switzerland,CH,en,English,Captions,psychological trauma,Psychological trauma,300,10000,150,
Switzerland,CH,en,English,Captions,self-esteem,Self-esteem,300,10000,150,
Switzerland,CH,fr,French,Bio,psychologue,Professional role,300,10000,150,
Switzerland,CH,fr,French,Bio,psychiatre,Professional role,300,10000,150,
Switzerland,CH,fr,French,Bio,psychothérapeute,Professional role,300,10000,150,
Switzerland,CH,fr,French,Bio,psychotherapeute,Professional role,300,10000,150,
Switzerland,CH,fr,French,Bio,thérapie cognitive et comportementale,Therapy approach,300,10000,150,
Switzerland,CH,fr,French,Bio,EMDR,Therapy approach,300,10000,150,
Switzerland,CH,fr,French,Bio,TCC,Therapy approach,300,10000,150,
Switzerland,CH,fr,French,Bio,sexologue,Professional role,300,10000,150,
Switzerland,CH,fr,French,Bio,thérapeute de couple,Professional role,300,10000,150,
Switzerland,CH,fr,French,Captions,santé mentale,Mental health,300,10000,150,
Switzerland,CH,fr,French,Captions,anxiété,Anxiety,300,10000,150,
Switzerland,CH,fr,French,Captions,burnout,Burnout / exhaustion,300,10000,150,
Switzerland,CH,fr,French,Captions,solitude,Loneliness,300,10000,150,
Switzerland,CH,fr,French,Captions,régulation émotionnelle,Emotional regulation,300,10000,150,
Switzerland,CH,fr,French,Captions,communication dans le couple,Couple / relationships,300,10000,150,
Switzerland,CH,fr,French,Captions,burnout parental,Parenting stress,300,10000,150,
Switzerland,CH,fr,French,Captions,addictions,Addictions,300,10000,150,
Switzerland,CH,fr,French,Captions,méditation de pleine conscience,Meditation / mindfulness,300,10000,150,
Switzerland,CH,fr,French,Captions,exercices de respiration,Breathing / coping,300,10000,150,
Switzerland,CH,fr,French,Captions,bien-être sexuel,Sexual wellbeing / intimacy,300,10000,150,
Switzerland,CH,fr,French,Captions,angoisse,Anxiety,300,10000,150,
Switzerland,CH,fr,French,Captions,attachement anxieux,Attachment,300,10000,150,
Switzerland,CH,fr,French,Captions,cohérence cardiaque,Breathing / coping,300,10000,150,
Switzerland,CH,fr,French,Captions,charge mentale,Parenting / stress,300,10000,150,
Switzerland,CH,fr,French,Captions,arrêter de fumer,Addictions,300,10000,150,
Switzerland,CH,fr,French,Captions,sobriété,Addictions,300,10000,150,
Switzerland,CH,fr,French,Captions,traumatisme psychologique,Psychological trauma,300,10000,150,
Switzerland,CH,fr,French,Captions,estime de soi,Self-esteem,300,10000,150,
Switzerland,CH,de,German,Bio,Psychologe,Professional role,300,10000,150,
Switzerland,CH,de,German,Bio,Psychologin,Professional role,300,10000,150,
Switzerland,CH,de,German,Bio,Psychiater,Professional role,300,10000,150,
Switzerland,CH,de,German,Bio,Psychiaterin,Professional role,300,10000,150,
Switzerland,CH,de,German,Bio,Psychotherapeut,Professional role,300,10000,150,
Switzerland,CH,de,German,Bio,Psychotherapeutin,Professional role,300,10000,150,
Switzerland,CH,de,German,Bio,kognitive Verhaltenstherapie,Therapy approach,300,10000,150,
Switzerland,CH,de,German,Bio,EMDR,Therapy approach,300,10000,150,
Switzerland,CH,de,German,Bio,Verhaltenstherapie,Therapy approach,300,10000,150,
Switzerland,CH,de,German,Bio,Sexualtherapeut,Professional role,300,10000,150,
Switzerland,CH,de,German,Bio,Sexualtherapeutin,Professional role,300,10000,150,
Switzerland,CH,de,German,Captions,psychische Gesundheit,Mental health,300,10000,150,
Switzerland,CH,de,German,Captions,Angststörung,Anxiety,300,10000,150,
Switzerland,CH,de,German,Captions,Burnout,Burnout / exhaustion,300,10000,150,
Switzerland,CH,de,German,Captions,Einsamkeit,Loneliness,300,10000,150,
Switzerland,CH,de,German,Captions,Emotionsregulation,Emotional regulation,300,10000,150,
Switzerland,CH,de,German,Captions,Paartherapie,Couple / relationships,300,10000,150,
Switzerland,CH,de,German,Captions,Elternburnout,Parenting stress,300,10000,150,
Switzerland,CH,de,German,Captions,Suchtbewältigung,Addictions,300,10000,150,
Switzerland,CH,de,German,Captions,Achtsamkeitsmeditation,Meditation / mindfulness,300,10000,150,
Switzerland,CH,de,German,Captions,Atemübungen,Breathing / coping,300,10000,150,
Switzerland,CH,de,German,Captions,sexuelles Wohlbefinden,Sexual wellbeing / intimacy,300,10000,150,
Switzerland,CH,de,German,Captions,Angst,Anxiety,300,10000,150,
Switzerland,CH,de,German,Captions,rauchfrei,Addictions,300,10000,150,
Switzerland,CH,de,German,Captions,psychisches Trauma,Psychological trauma,300,10000,150,
Switzerland,CH,de,German,Captions,Selbstwertgefühl,Self-esteem,300,10000,150,
Switzerland,CH,de,German,Captions,ängstlicher Bindungsstil,Attachment,300,10000,150,
Switzerland,CH,it,Italian,Bio,psicologo,Professional role,300,10000,150,
Switzerland,CH,it,Italian,Bio,psicologa,Professional role,300,10000,150,
Switzerland,CH,it,Italian,Bio,psichiatra,Professional role,300,10000,150,
Switzerland,CH,it,Italian,Bio,psicoterapeuta,Professional role,300,10000,150,
Switzerland,CH,it,Italian,Bio,terapia cognitivo comportamentale,Therapy approach,300,10000,150,
Switzerland,CH,it,Italian,Bio,EMDR,Therapy approach,300,10000,150,
Switzerland,CH,it,Italian,Bio,sessuologo,Professional role,300,10000,150,
Switzerland,CH,it,Italian,Bio,sessuologa,Professional role,300,10000,150,
Switzerland,CH,it,Italian,Captions,salute mentale,Mental health,300,10000,150,
Switzerland,CH,it,Italian,Captions,ansia,Anxiety,300,10000,150,
Switzerland,CH,it,Italian,Captions,esaurimento emotivo,Burnout / exhaustion,300,10000,150,
Switzerland,CH,it,Italian,Captions,solitudine,Loneliness,300,10000,150,
Switzerland,CH,it,Italian,Captions,regolazione emotiva,Emotional regulation,300,10000,150,
Switzerland,CH,it,Italian,Captions,terapia di coppia,Couple / relationships,300,10000,150,
Switzerland,CH,it,Italian,Captions,burnout genitoriale,Parenting stress,300,10000,150,
Switzerland,CH,it,Italian,Captions,dipendenze,Addictions,300,10000,150,
Switzerland,CH,it,Italian,Captions,meditazione mindfulness,Meditation / mindfulness,300,10000,150,
Switzerland,CH,it,Italian,Captions,esercizi di respirazione,Breathing / coping,300,10000,150,
Switzerland,CH,it,Italian,Captions,benessere sessuale,Sexual wellbeing / intimacy,300,10000,150,
Switzerland,CH,it,Italian,Captions,burnout,Burnout / exhaustion,300,10000,150,
Switzerland,CH,it,Italian,Captions,trauma psicologico,Psychological trauma,300,10000,150,
Switzerland,CH,it,Italian,Captions,autostima,Self-esteem,300,10000,150,
Switzerland,CH,it,Italian,Captions,attaccamento ansioso,Attachment,300,10000,150,
Côte d'Ivoire,CI,fr,French,Bio,psychologue,Professional role,300,10000,150,
Côte d'Ivoire,CI,fr,French,Bio,psychiatre,Professional role,300,10000,150,
Côte d'Ivoire,CI,fr,French,Bio,psychothérapeute,Professional role,300,10000,150,
Côte d'Ivoire,CI,fr,French,Bio,psychotherapeute,Professional role,300,10000,150,
Côte d'Ivoire,CI,fr,French,Bio,thérapie cognitive et comportementale,Therapy approach,300,10000,150,
Côte d'Ivoire,CI,fr,French,Bio,EMDR,Therapy approach,300,10000,150,
Côte d'Ivoire,CI,fr,French,Bio,TCC,Therapy approach,300,10000,150,
Côte d'Ivoire,CI,fr,French,Bio,sexologue,Professional role,300,10000,150,
Côte d'Ivoire,CI,fr,French,Bio,thérapeute de couple,Professional role,300,10000,150,
Côte d'Ivoire,CI,fr,French,Captions,santé mentale,Mental health,300,10000,150,
Côte d'Ivoire,CI,fr,French,Captions,anxiété,Anxiety,300,10000,150,
Côte d'Ivoire,CI,fr,French,Captions,burnout,Burnout / exhaustion,300,10000,150,
Côte d'Ivoire,CI,fr,French,Captions,solitude,Loneliness,300,10000,150,
Côte d'Ivoire,CI,fr,French,Captions,régulation émotionnelle,Emotional regulation,300,10000,150,
Côte d'Ivoire,CI,fr,French,Captions,communication dans le couple,Couple / relationships,300,10000,150,
Côte d'Ivoire,CI,fr,French,Captions,burnout parental,Parenting stress,300,10000,150,
Côte d'Ivoire,CI,fr,French,Captions,addictions,Addictions,300,10000,150,
Côte d'Ivoire,CI,fr,French,Captions,méditation de pleine conscience,Meditation / mindfulness,300,10000,150,
Côte d'Ivoire,CI,fr,French,Captions,exercices de respiration,Breathing / coping,300,10000,150,
Côte d'Ivoire,CI,fr,French,Captions,bien-être sexuel,Sexual wellbeing / intimacy,300,10000,150,
Côte d'Ivoire,CI,fr,French,Captions,angoisse,Anxiety,300,10000,150,
Côte d'Ivoire,CI,fr,French,Captions,attachement anxieux,Attachment,300,10000,150,
Côte d'Ivoire,CI,fr,French,Captions,cohérence cardiaque,Breathing / coping,300,10000,150,
Côte d'Ivoire,CI,fr,French,Captions,charge mentale,Parenting / stress,300,10000,150,
Côte d'Ivoire,CI,fr,French,Captions,arrêter de fumer,Addictions,300,10000,150,
Côte d'Ivoire,CI,fr,French,Captions,sobriété,Addictions,300,10000,150,
Côte d'Ivoire,CI,fr,French,Captions,traumatisme psychologique,Psychological trauma,300,10000,150,
Côte d'Ivoire,CI,fr,French,Captions,estime de soi,Self-esteem,300,10000,150,
Austria,AT,de,German,Bio,Psychologe,Professional role,300,10000,100,
Austria,AT,de,German,Bio,Psychologin,Professional role,300,10000,100,
Austria,AT,de,German,Bio,Psychiater,Professional role,300,10000,100,
Austria,AT,de,German,Bio,Psychiaterin,Professional role,300,10000,100,
Austria,AT,de,German,Bio,Psychotherapeut,Professional role,300,10000,100,
Austria,AT,de,German,Bio,Psychotherapeutin,Professional role,300,10000,100,
Austria,AT,de,German,Bio,kognitive Verhaltenstherapie,Therapy approach,300,10000,100,
Austria,AT,de,German,Bio,EMDR,Therapy approach,300,10000,100,
Austria,AT,de,German,Bio,Verhaltenstherapie,Therapy approach,300,10000,100,
Austria,AT,de,German,Bio,Sexualtherapeut,Professional role,300,10000,100,
Austria,AT,de,German,Bio,Sexualtherapeutin,Professional role,300,10000,100,
Austria,AT,de,German,Captions,psychische Gesundheit,Mental health,300,10000,100,
Austria,AT,de,German,Captions,Angststörung,Anxiety,300,10000,100,
Austria,AT,de,German,Captions,Burnout,Burnout / exhaustion,300,10000,100,
Austria,AT,de,German,Captions,Einsamkeit,Loneliness,300,10000,100,
Austria,AT,de,German,Captions,Emotionsregulation,Emotional regulation,300,10000,100,
Austria,AT,de,German,Captions,Paartherapie,Couple / relationships,300,10000,100,
Austria,AT,de,German,Captions,Elternburnout,Parenting stress,300,10000,100,
Austria,AT,de,German,Captions,Suchtbewältigung,Addictions,300,10000,100,
Austria,AT,de,German,Captions,Achtsamkeitsmeditation,Meditation / mindfulness,300,10000,100,
Austria,AT,de,German,Captions,Atemübungen,Breathing / coping,300,10000,100,
Austria,AT,de,German,Captions,sexuelles Wohlbefinden,Sexual wellbeing / intimacy,300,10000,100,
Austria,AT,de,German,Captions,Angst,Anxiety,300,10000,100,
Austria,AT,de,German,Captions,rauchfrei,Addictions,300,10000,100,
Austria,AT,de,German,Captions,psychisches Trauma,Psychological trauma,300,10000,100,
Austria,AT,de,German,Captions,Selbstwertgefühl,Self-esteem,300,10000,100,
Austria,AT,de,German,Captions,ängstlicher Bindungsstil,Attachment,300,10000,100,
Senegal,SN,fr,French,Bio,psychologue,Professional role,300,10000,150,
Senegal,SN,fr,French,Bio,psychiatre,Professional role,300,10000,150,
Senegal,SN,fr,French,Bio,psychothérapeute,Professional role,300,10000,150,
Senegal,SN,fr,French,Bio,psychotherapeute,Professional role,300,10000,150,
Senegal,SN,fr,French,Bio,thérapie cognitive et comportementale,Therapy approach,300,10000,150,
Senegal,SN,fr,French,Bio,EMDR,Therapy approach,300,10000,150,
Senegal,SN,fr,French,Bio,TCC,Therapy approach,300,10000,150,
Senegal,SN,fr,French,Bio,sexologue,Professional role,300,10000,150,
Senegal,SN,fr,French,Bio,thérapeute de couple,Professional role,300,10000,150,
Senegal,SN,fr,French,Captions,santé mentale,Mental health,300,10000,150,
Senegal,SN,fr,French,Captions,anxiété,Anxiety,300,10000,150,
Senegal,SN,fr,French,Captions,burnout,Burnout / exhaustion,300,10000,150,
Senegal,SN,fr,French,Captions,solitude,Loneliness,300,10000,150,
Senegal,SN,fr,French,Captions,régulation émotionnelle,Emotional regulation,300,10000,150,
Senegal,SN,fr,French,Captions,communication dans le couple,Couple / relationships,300,10000,150,
Senegal,SN,fr,French,Captions,burnout parental,Parenting stress,300,10000,150,
Senegal,SN,fr,French,Captions,addictions,Addictions,300,10000,150,
Senegal,SN,fr,French,Captions,méditation de pleine conscience,Meditation / mindfulness,300,10000,150,
Senegal,SN,fr,French,Captions,exercices de respiration,Breathing / coping,300,10000,150,
Senegal,SN,fr,French,Captions,bien-être sexuel,Sexual wellbeing / intimacy,300,10000,150,
Senegal,SN,fr,French,Captions,angoisse,Anxiety,300,10000,150,
Senegal,SN,fr,French,Captions,attachement anxieux,Attachment,300,10000,150,
Senegal,SN,fr,French,Captions,cohérence cardiaque,Breathing / coping,300,10000,150,
Senegal,SN,fr,French,Captions,charge mentale,Parenting / stress,300,10000,150,
Senegal,SN,fr,French,Captions,arrêter de fumer,Addictions,300,10000,150,
Senegal,SN,fr,French,Captions,sobriété,Addictions,300,10000,150,
Senegal,SN,fr,French,Captions,traumatisme psychologique,Psychological trauma,300,10000,150,
Senegal,SN,fr,French,Captions,estime de soi,Self-esteem,300,10000,150,
Ireland,IE,en,English,Bio,psychologist,Professional role,300,10000,100,
Ireland,IE,en,English,Bio,psychiatrist,Professional role,300,10000,100,
Ireland,IE,en,English,Bio,psychotherapist,Professional role,300,10000,100,
Ireland,IE,en,English,Bio,mental health counselor,Professional role,300,10000,100,
Ireland,IE,en,English,Bio,mental health counsellor,Professional role,300,10000,100,
Ireland,IE,en,English,Bio,cognitive behavioral therapy,Therapy approach,300,10000,100,
Ireland,IE,en,English,Bio,EMDR,Therapy approach,300,10000,100,
Ireland,IE,en,English,Bio,CBT,Therapy approach,300,10000,100,
Ireland,IE,en,English,Bio,cognitive behavioural therapy,Therapy approach,300,10000,100,
Ireland,IE,en,English,Bio,sex therapist,Professional role,300,10000,100,
Ireland,IE,en,English,Bio,couples therapist,Professional role,300,10000,100,
Ireland,IE,en,English,Captions,mental health,Mental health,300,10000,100,
Ireland,IE,en,English,Captions,anxiety,Anxiety,300,10000,100,
Ireland,IE,en,English,Captions,burnout,Burnout / exhaustion,300,10000,100,
Ireland,IE,en,English,Captions,loneliness,Loneliness,300,10000,100,
Ireland,IE,en,English,Captions,emotional regulation,Emotional regulation,300,10000,100,
Ireland,IE,en,English,Captions,couples communication,Couple / relationships,300,10000,100,
Ireland,IE,en,English,Captions,parental burnout,Parenting stress,300,10000,100,
Ireland,IE,en,English,Captions,addiction recovery,Addictions,300,10000,100,
Ireland,IE,en,English,Captions,mindfulness meditation,Meditation / mindfulness,300,10000,100,
Ireland,IE,en,English,Captions,breathing exercises,Breathing / coping,300,10000,100,
Ireland,IE,en,English,Captions,sexual wellbeing,Sexual wellbeing / intimacy,300,10000,100,
Ireland,IE,en,English,Captions,anxious attachment,Attachment,300,10000,100,
Ireland,IE,en,English,Captions,relationship advice,Couple / relationships,300,10000,100,
Ireland,IE,en,English,Captions,quit smoking,Addictions,300,10000,100,
Ireland,IE,en,English,Captions,sobriety,Addictions,300,10000,100,
Ireland,IE,en,English,Captions,overthinking,Anxiety,300,10000,100,
Ireland,IE,en,English,Captions,psychological trauma,Psychological trauma,300,10000,100,
Ireland,IE,en,English,Captions,self-esteem,Self-esteem,300,10000,100,
New Zealand,NZ,en,English,Bio,psychologist,Professional role,300,10000,100,
New Zealand,NZ,en,English,Bio,psychiatrist,Professional role,300,10000,100,
New Zealand,NZ,en,English,Bio,psychotherapist,Professional role,300,10000,100,
New Zealand,NZ,en,English,Bio,mental health counselor,Professional role,300,10000,100,
New Zealand,NZ,en,English,Bio,mental health counsellor,Professional role,300,10000,100,
New Zealand,NZ,en,English,Bio,cognitive behavioral therapy,Therapy approach,300,10000,100,
New Zealand,NZ,en,English,Bio,EMDR,Therapy approach,300,10000,100,
New Zealand,NZ,en,English,Bio,CBT,Therapy approach,300,10000,100,
New Zealand,NZ,en,English,Bio,cognitive behavioural therapy,Therapy approach,300,10000,100,
New Zealand,NZ,en,English,Bio,sex therapist,Professional role,300,10000,100,
New Zealand,NZ,en,English,Bio,couples therapist,Professional role,300,10000,100,
New Zealand,NZ,en,English,Captions,mental health,Mental health,300,10000,100,
New Zealand,NZ,en,English,Captions,anxiety,Anxiety,300,10000,100,
New Zealand,NZ,en,English,Captions,burnout,Burnout / exhaustion,300,10000,100,
New Zealand,NZ,en,English,Captions,loneliness,Loneliness,300,10000,100,
New Zealand,NZ,en,English,Captions,emotional regulation,Emotional regulation,300,10000,100,
New Zealand,NZ,en,English,Captions,couples communication,Couple / relationships,300,10000,100,
New Zealand,NZ,en,English,Captions,parental burnout,Parenting stress,300,10000,100,
New Zealand,NZ,en,English,Captions,addiction recovery,Addictions,300,10000,100,
New Zealand,NZ,en,English,Captions,mindfulness meditation,Meditation / mindfulness,300,10000,100,
New Zealand,NZ,en,English,Captions,breathing exercises,Breathing / coping,300,10000,100,
New Zealand,NZ,en,English,Captions,sexual wellbeing,Sexual wellbeing / intimacy,300,10000,100,
New Zealand,NZ,en,English,Captions,anxious attachment,Attachment,300,10000,100,
New Zealand,NZ,en,English,Captions,relationship advice,Couple / relationships,300,10000,100,
New Zealand,NZ,en,English,Captions,quit smoking,Addictions,300,10000,100,
New Zealand,NZ,en,English,Captions,sobriety,Addictions,300,10000,100,
New Zealand,NZ,en,English,Captions,overthinking,Anxiety,300,10000,100,
New Zealand,NZ,en,English,Captions,psychological trauma,Psychological trauma,300,10000,100,
New Zealand,NZ,en,English,Captions,self-esteem,Self-esteem,300,10000,100,
Hong Kong,HK,en,English,Bio,psychologist,Professional role,300,10000,100,TikTok flexibility
Hong Kong,HK,en,English,Bio,psychiatrist,Professional role,300,10000,100,TikTok flexibility
Hong Kong,HK,en,English,Bio,psychotherapist,Professional role,300,10000,100,TikTok flexibility
Hong Kong,HK,en,English,Bio,mental health counselor,Professional role,300,10000,100,TikTok flexibility
Hong Kong,HK,en,English,Bio,mental health counsellor,Professional role,300,10000,100,TikTok flexibility
Hong Kong,HK,en,English,Bio,cognitive behavioral therapy,Therapy approach,300,10000,100,TikTok flexibility
Hong Kong,HK,en,English,Bio,EMDR,Therapy approach,300,10000,100,TikTok flexibility
Hong Kong,HK,en,English,Bio,CBT,Therapy approach,300,10000,100,TikTok flexibility
Hong Kong,HK,en,English,Bio,cognitive behavioural therapy,Therapy approach,300,10000,100,TikTok flexibility
Hong Kong,HK,en,English,Bio,sex therapist,Professional role,300,10000,100,TikTok flexibility
Hong Kong,HK,en,English,Bio,couples therapist,Professional role,300,10000,100,TikTok flexibility
Hong Kong,HK,en,English,Captions,mental health,Mental health,300,10000,100,TikTok flexibility
Hong Kong,HK,en,English,Captions,anxiety,Anxiety,300,10000,100,TikTok flexibility
Hong Kong,HK,en,English,Captions,burnout,Burnout / exhaustion,300,10000,100,TikTok flexibility
Hong Kong,HK,en,English,Captions,loneliness,Loneliness,300,10000,100,TikTok flexibility
Hong Kong,HK,en,English,Captions,emotional regulation,Emotional regulation,300,10000,100,TikTok flexibility
Hong Kong,HK,en,English,Captions,couples communication,Couple / relationships,300,10000,100,TikTok flexibility
Hong Kong,HK,en,English,Captions,parental burnout,Parenting stress,300,10000,100,TikTok flexibility
Hong Kong,HK,en,English,Captions,addiction recovery,Addictions,300,10000,100,TikTok flexibility
Hong Kong,HK,en,English,Captions,mindfulness meditation,Meditation / mindfulness,300,10000,100,TikTok flexibility
Hong Kong,HK,en,English,Captions,breathing exercises,Breathing / coping,300,10000,100,TikTok flexibility
Hong Kong,HK,en,English,Captions,sexual wellbeing,Sexual wellbeing / intimacy,300,10000,100,TikTok flexibility
Hong Kong,HK,en,English,Captions,anxious attachment,Attachment,300,10000,100,TikTok flexibility
Hong Kong,HK,en,English,Captions,relationship advice,Couple / relationships,300,10000,100,TikTok flexibility
Hong Kong,HK,en,English,Captions,quit smoking,Addictions,300,10000,100,TikTok flexibility
Hong Kong,HK,en,English,Captions,sobriety,Addictions,300,10000,100,TikTok flexibility
Hong Kong,HK,en,English,Captions,overthinking,Anxiety,300,10000,100,TikTok flexibility
Hong Kong,HK,en,English,Captions,psychological trauma,Psychological trauma,300,10000,100,TikTok flexibility
Hong Kong,HK,en,English,Captions,self-esteem,Self-esteem,300,10000,100,TikTok flexibility
Hong Kong,HK,zh-TW,Traditional Chinese,Bio,諮商心理師,Professional role,300,10000,100,TikTok flexibility
Hong Kong,HK,zh-TW,Traditional Chinese,Bio,臨床心理師,Professional role,300,10000,100,TikTok flexibility
Hong Kong,HK,zh-TW,Traditional Chinese,Bio,精神科醫師,Professional role,300,10000,100,TikTok flexibility
Hong Kong,HK,zh-TW,Traditional Chinese,Bio,精神科醫生,Professional role,300,10000,100,TikTok flexibility
Hong Kong,HK,zh-TW,Traditional Chinese,Bio,認知行為治療,Therapy approach,300,10000,100,TikTok flexibility
Hong Kong,HK,zh-TW,Traditional Chinese,Bio,EMDR,Therapy approach,300,10000,100,TikTok flexibility
Hong Kong,HK,zh-TW,Traditional Chinese,Captions,心理健康,Mental health,300,10000,100,TikTok flexibility
Hong Kong,HK,zh-TW,Traditional Chinese,Captions,焦慮,Anxiety,300,10000,100,TikTok flexibility
Hong Kong,HK,zh-TW,Traditional Chinese,Captions,職業倦怠,Burnout / exhaustion,300,10000,100,TikTok flexibility
Hong Kong,HK,zh-TW,Traditional Chinese,Captions,孤獨感,Loneliness,300,10000,100,TikTok flexibility
Hong Kong,HK,zh-TW,Traditional Chinese,Captions,情緒調節,Emotional regulation,300,10000,100,TikTok flexibility
Hong Kong,HK,zh-TW,Traditional Chinese,Captions,伴侶諮商,Couple / relationships,300,10000,100,TikTok flexibility
Hong Kong,HK,zh-TW,Traditional Chinese,Captions,育兒壓力,Parenting stress,300,10000,100,TikTok flexibility
Hong Kong,HK,zh-TW,Traditional Chinese,Captions,成癮復原,Addictions,300,10000,100,TikTok flexibility
Hong Kong,HK,zh-TW,Traditional Chinese,Captions,正念冥想,Meditation / mindfulness,300,10000,100,TikTok flexibility
Hong Kong,HK,zh-TW,Traditional Chinese,Captions,呼吸練習,Breathing / coping,300,10000,100,TikTok flexibility
Hong Kong,HK,zh-TW,Traditional Chinese,Captions,性健康,Sexual wellbeing / intimacy,300,10000,100,TikTok flexibility
Hong Kong,HK,zh-TW,Traditional Chinese,Captions,心理創傷,Psychological trauma,300,10000,100,TikTok flexibility
Hong Kong,HK,zh-TW,Traditional Chinese,Captions,自尊,Self-esteem,300,10000,100,TikTok flexibility
Hong Kong,HK,zh-TW,Traditional Chinese,Captions,焦慮型依附,Attachment,300,10000,100,TikTok flexibility
Cameroon,CM,en,English,Bio,psychologist,Professional role,300,10000,100,
Cameroon,CM,en,English,Bio,psychiatrist,Professional role,300,10000,100,
Cameroon,CM,en,English,Bio,psychotherapist,Professional role,300,10000,100,
Cameroon,CM,en,English,Bio,mental health counselor,Professional role,300,10000,100,
Cameroon,CM,en,English,Bio,mental health counsellor,Professional role,300,10000,100,
Cameroon,CM,en,English,Bio,cognitive behavioral therapy,Therapy approach,300,10000,100,
Cameroon,CM,en,English,Bio,EMDR,Therapy approach,300,10000,100,
Cameroon,CM,en,English,Bio,CBT,Therapy approach,300,10000,100,
Cameroon,CM,en,English,Bio,cognitive behavioural therapy,Therapy approach,300,10000,100,
Cameroon,CM,en,English,Bio,sex therapist,Professional role,300,10000,100,
Cameroon,CM,en,English,Bio,couples therapist,Professional role,300,10000,100,
Cameroon,CM,en,English,Captions,mental health,Mental health,300,10000,100,
Cameroon,CM,en,English,Captions,anxiety,Anxiety,300,10000,100,
Cameroon,CM,en,English,Captions,burnout,Burnout / exhaustion,300,10000,100,
Cameroon,CM,en,English,Captions,loneliness,Loneliness,300,10000,100,
Cameroon,CM,en,English,Captions,emotional regulation,Emotional regulation,300,10000,100,
Cameroon,CM,en,English,Captions,couples communication,Couple / relationships,300,10000,100,
Cameroon,CM,en,English,Captions,parental burnout,Parenting stress,300,10000,100,
Cameroon,CM,en,English,Captions,addiction recovery,Addictions,300,10000,100,
Cameroon,CM,en,English,Captions,mindfulness meditation,Meditation / mindfulness,300,10000,100,
Cameroon,CM,en,English,Captions,breathing exercises,Breathing / coping,300,10000,100,
Cameroon,CM,en,English,Captions,sexual wellbeing,Sexual wellbeing / intimacy,300,10000,100,
Cameroon,CM,en,English,Captions,anxious attachment,Attachment,300,10000,100,
Cameroon,CM,en,English,Captions,relationship advice,Couple / relationships,300,10000,100,
Cameroon,CM,en,English,Captions,quit smoking,Addictions,300,10000,100,
Cameroon,CM,en,English,Captions,sobriety,Addictions,300,10000,100,
Cameroon,CM,en,English,Captions,overthinking,Anxiety,300,10000,100,
Cameroon,CM,en,English,Captions,psychological trauma,Psychological trauma,300,10000,100,
Cameroon,CM,en,English,Captions,self-esteem,Self-esteem,300,10000,100,
Cameroon,CM,fr,French,Bio,psychologue,Professional role,300,10000,100,
Cameroon,CM,fr,French,Bio,psychiatre,Professional role,300,10000,100,
Cameroon,CM,fr,French,Bio,psychothérapeute,Professional role,300,10000,100,
Cameroon,CM,fr,French,Bio,psychotherapeute,Professional role,300,10000,100,
Cameroon,CM,fr,French,Bio,thérapie cognitive et comportementale,Therapy approach,300,10000,100,
Cameroon,CM,fr,French,Bio,EMDR,Therapy approach,300,10000,100,
Cameroon,CM,fr,French,Bio,TCC,Therapy approach,300,10000,100,
Cameroon,CM,fr,French,Bio,sexologue,Professional role,300,10000,100,
Cameroon,CM,fr,French,Bio,thérapeute de couple,Professional role,300,10000,100,
Cameroon,CM,fr,French,Captions,santé mentale,Mental health,300,10000,100,
Cameroon,CM,fr,French,Captions,anxiété,Anxiety,300,10000,100,
Cameroon,CM,fr,French,Captions,burnout,Burnout / exhaustion,300,10000,100,
Cameroon,CM,fr,French,Captions,solitude,Loneliness,300,10000,100,
Cameroon,CM,fr,French,Captions,régulation émotionnelle,Emotional regulation,300,10000,100,
Cameroon,CM,fr,French,Captions,communication dans le couple,Couple / relationships,300,10000,100,
Cameroon,CM,fr,French,Captions,burnout parental,Parenting stress,300,10000,100,
Cameroon,CM,fr,French,Captions,addictions,Addictions,300,10000,100,
Cameroon,CM,fr,French,Captions,méditation de pleine conscience,Meditation / mindfulness,300,10000,100,
Cameroon,CM,fr,French,Captions,exercices de respiration,Breathing / coping,300,10000,100,
Cameroon,CM,fr,French,Captions,bien-être sexuel,Sexual wellbeing / intimacy,300,10000,100,
Cameroon,CM,fr,French,Captions,angoisse,Anxiety,300,10000,100,
Cameroon,CM,fr,French,Captions,attachement anxieux,Attachment,300,10000,100,
Cameroon,CM,fr,French,Captions,cohérence cardiaque,Breathing / coping,300,10000,100,
Cameroon,CM,fr,French,Captions,charge mentale,Parenting / stress,300,10000,100,
Cameroon,CM,fr,French,Captions,arrêter de fumer,Addictions,300,10000,100,
Cameroon,CM,fr,French,Captions,sobriété,Addictions,300,10000,100,
Cameroon,CM,fr,French,Captions,traumatisme psychologique,Psychological trauma,300,10000,100,
Cameroon,CM,fr,French,Captions,estime de soi,Self-esteem,300,10000,100,
Sweden,SE,sv,Swedish,Bio,psykolog,Professional role,300,10000,100,Added market: 100 proposed
Sweden,SE,sv,Swedish,Bio,psykiater,Professional role,300,10000,100,Added market: 100 proposed
Sweden,SE,sv,Swedish,Bio,psykoterapeut,Professional role,300,10000,100,Added market: 100 proposed
Sweden,SE,sv,Swedish,Bio,kognitiv beteendeterapi,Therapy approach,300,10000,100,Added market: 100 proposed
Sweden,SE,sv,Swedish,Bio,EMDR,Therapy approach,300,10000,100,Added market: 100 proposed
Sweden,SE,sv,Swedish,Bio,KBT,Therapy approach,300,10000,100,Added market: 100 proposed
Sweden,SE,sv,Swedish,Captions,psykisk hälsa,Mental health,300,10000,100,Added market: 100 proposed
Sweden,SE,sv,Swedish,Captions,ångest,Anxiety,300,10000,100,Added market: 100 proposed
Sweden,SE,sv,Swedish,Captions,utmattning,Burnout / exhaustion,300,10000,100,Added market: 100 proposed
Sweden,SE,sv,Swedish,Captions,ensamhet,Loneliness,300,10000,100,Added market: 100 proposed
Sweden,SE,sv,Swedish,Captions,känsloreglering,Emotional regulation,300,10000,100,Added market: 100 proposed
Sweden,SE,sv,Swedish,Captions,parterapi,Couple / relationships,300,10000,100,Added market: 100 proposed
Sweden,SE,sv,Swedish,Captions,föräldrastress,Parenting stress,300,10000,100,Added market: 100 proposed
Sweden,SE,sv,Swedish,Captions,beroende,Addictions,300,10000,100,Added market: 100 proposed
Sweden,SE,sv,Swedish,Captions,mindfulnessmeditation,Meditation / mindfulness,300,10000,100,Added market: 100 proposed
Sweden,SE,sv,Swedish,Captions,andningsövningar,Breathing / coping,300,10000,100,Added market: 100 proposed
Sweden,SE,sv,Swedish,Captions,sexuell hälsa,Sexual wellbeing / intimacy,300,10000,100,Added market: 100 proposed
Sweden,SE,sv,Swedish,Captions,psykiskt trauma,Psychological trauma,300,10000,100,Added market: 100 proposed
Sweden,SE,sv,Swedish,Captions,självkänsla,Self-esteem,300,10000,100,Added market: 100 proposed
Sweden,SE,sv,Swedish,Captions,ängslig anknytning,Attachment,300,10000,100,Added market: 100 proposed
Finland,FI,sv,Swedish,Bio,psykolog,Professional role,300,10000,100,Added market: 100 proposed
Finland,FI,sv,Swedish,Bio,psykiater,Professional role,300,10000,100,Added market: 100 proposed
Finland,FI,sv,Swedish,Bio,psykoterapeut,Professional role,300,10000,100,Added market: 100 proposed
Finland,FI,sv,Swedish,Bio,kognitiv beteendeterapi,Therapy approach,300,10000,100,Added market: 100 proposed
Finland,FI,sv,Swedish,Bio,EMDR,Therapy approach,300,10000,100,Added market: 100 proposed
Finland,FI,sv,Swedish,Bio,KBT,Therapy approach,300,10000,100,Added market: 100 proposed
Finland,FI,sv,Swedish,Captions,psykisk hälsa,Mental health,300,10000,100,Added market: 100 proposed
Finland,FI,sv,Swedish,Captions,ångest,Anxiety,300,10000,100,Added market: 100 proposed
Finland,FI,sv,Swedish,Captions,utmattning,Burnout / exhaustion,300,10000,100,Added market: 100 proposed
Finland,FI,sv,Swedish,Captions,ensamhet,Loneliness,300,10000,100,Added market: 100 proposed
Finland,FI,sv,Swedish,Captions,känsloreglering,Emotional regulation,300,10000,100,Added market: 100 proposed
Finland,FI,sv,Swedish,Captions,parterapi,Couple / relationships,300,10000,100,Added market: 100 proposed
Finland,FI,sv,Swedish,Captions,föräldrastress,Parenting stress,300,10000,100,Added market: 100 proposed
Finland,FI,sv,Swedish,Captions,beroende,Addictions,300,10000,100,Added market: 100 proposed
Finland,FI,sv,Swedish,Captions,mindfulnessmeditation,Meditation / mindfulness,300,10000,100,Added market: 100 proposed
Finland,FI,sv,Swedish,Captions,andningsövningar,Breathing / coping,300,10000,100,Added market: 100 proposed
Finland,FI,sv,Swedish,Captions,sexuell hälsa,Sexual wellbeing / intimacy,300,10000,100,Added market: 100 proposed
Finland,FI,sv,Swedish,Captions,psykiskt trauma,Psychological trauma,300,10000,100,Added market: 100 proposed
Finland,FI,sv,Swedish,Captions,självkänsla,Self-esteem,300,10000,100,Added market: 100 proposed
Finland,FI,sv,Swedish,Captions,ängslig anknytning,Attachment,300,10000,100,Added market: 100 proposed
Finland,FI,fi,Finnish,Bio,psykologi,Professional role,300,10000,100,Added market: 100 proposed
Finland,FI,fi,Finnish,Bio,psykiatri,Professional role,300,10000,100,Added market: 100 proposed
Finland,FI,fi,Finnish,Bio,psykoterapeutti,Professional role,300,10000,100,Added market: 100 proposed
Finland,FI,fi,Finnish,Bio,kognitiivinen käyttäytymisterapia,Therapy approach,300,10000,100,Added market: 100 proposed
Finland,FI,fi,Finnish,Bio,EMDR,Therapy approach,300,10000,100,Added market: 100 proposed
Finland,FI,fi,Finnish,Captions,mielenterveys,Mental health,300,10000,100,Added market: 100 proposed
Finland,FI,fi,Finnish,Captions,ahdistus,Anxiety,300,10000,100,Added market: 100 proposed
Finland,FI,fi,Finnish,Captions,työuupumus,Burnout / exhaustion,300,10000,100,Added market: 100 proposed
Finland,FI,fi,Finnish,Captions,yksinäisyys,Loneliness,300,10000,100,Added market: 100 proposed
Finland,FI,fi,Finnish,Captions,tunteiden säätely,Emotional regulation,300,10000,100,Added market: 100 proposed
Finland,FI,fi,Finnish,Captions,pariterapia,Couple / relationships,300,10000,100,Added market: 100 proposed
Finland,FI,fi,Finnish,Captions,vanhemmuuden uupumus,Parenting stress,300,10000,100,Added market: 100 proposed
Finland,FI,fi,Finnish,Captions,riippuvuus,Addictions,300,10000,100,Added market: 100 proposed
Finland,FI,fi,Finnish,Captions,mindfulness-meditaatio,Meditation / mindfulness,300,10000,100,Added market: 100 proposed
Finland,FI,fi,Finnish,Captions,hengitysharjoitukset,Breathing / coping,300,10000,100,Added market: 100 proposed
Finland,FI,fi,Finnish,Captions,seksuaalinen hyvinvointi,Sexual wellbeing / intimacy,300,10000,100,Added market: 100 proposed
Finland,FI,fi,Finnish,Captions,psyykkinen trauma,Psychological trauma,300,10000,100,Added market: 100 proposed
Finland,FI,fi,Finnish,Captions,itsetunto,Self-esteem,300,10000,100,Added market: 100 proposed
Finland,FI,fi,Finnish,Captions,ahdistunut kiintymyssuhde,Attachment,300,10000,100,Added market: 100 proposed
Denmark,DK,da,Danish,Bio,psykolog,Professional role,300,10000,100,Added market: 100 proposed
Denmark,DK,da,Danish,Bio,psykiater,Professional role,300,10000,100,Added market: 100 proposed
Denmark,DK,da,Danish,Bio,psykoterapeut,Professional role,300,10000,100,Added market: 100 proposed
Denmark,DK,da,Danish,Bio,kognitiv adfærdsterapi,Therapy approach,300,10000,100,Added market: 100 proposed
Denmark,DK,da,Danish,Bio,EMDR,Therapy approach,300,10000,100,Added market: 100 proposed
Denmark,DK,da,Danish,Captions,mental sundhed,Mental health,300,10000,100,Added market: 100 proposed
Denmark,DK,da,Danish,Captions,angst,Anxiety,300,10000,100,Added market: 100 proposed
Denmark,DK,da,Danish,Captions,udbrændthed,Burnout / exhaustion,300,10000,100,Added market: 100 proposed
Denmark,DK,da,Danish,Captions,ensomhed,Loneliness,300,10000,100,Added market: 100 proposed
Denmark,DK,da,Danish,Captions,følelsesregulering,Emotional regulation,300,10000,100,Added market: 100 proposed
Denmark,DK,da,Danish,Captions,parterapi,Couple / relationships,300,10000,100,Added market: 100 proposed
Denmark,DK,da,Danish,Captions,forældrestress,Parenting stress,300,10000,100,Added market: 100 proposed
Denmark,DK,da,Danish,Captions,afhængighed,Addictions,300,10000,100,Added market: 100 proposed
Denmark,DK,da,Danish,Captions,mindfulnessmeditation,Meditation / mindfulness,300,10000,100,Added market: 100 proposed
Denmark,DK,da,Danish,Captions,åndedrætsøvelser,Breathing / coping,300,10000,100,Added market: 100 proposed
Denmark,DK,da,Danish,Captions,seksuel trivsel,Sexual wellbeing / intimacy,300,10000,100,Added market: 100 proposed
Denmark,DK,da,Danish,Captions,psykisk traume,Psychological trauma,300,10000,100,Added market: 100 proposed
Denmark,DK,da,Danish,Captions,selvværd,Self-esteem,300,10000,100,Added market: 100 proposed
Denmark,DK,da,Danish,Captions,ængstelig tilknytning,Attachment,300,10000,100,Added market: 100 proposed
Czechia,CZ,cs,Czech,Bio,psycholog,Professional role,300,10000,100,Added market: 100 proposed
Czechia,CZ,cs,Czech,Bio,psycholožka,Professional role,300,10000,100,Added market: 100 proposed
Czechia,CZ,cs,Czech,Bio,psychiatr,Professional role,300,10000,100,Added market: 100 proposed
Czechia,CZ,cs,Czech,Bio,psychiatrička,Professional role,300,10000,100,Added market: 100 proposed
Czechia,CZ,cs,Czech,Bio,psychoterapeut,Professional role,300,10000,100,Added market: 100 proposed
Czechia,CZ,cs,Czech,Bio,psychoterapeutka,Professional role,300,10000,100,Added market: 100 proposed
Czechia,CZ,cs,Czech,Bio,kognitivně behaviorální terapie,Therapy approach,300,10000,100,Added market: 100 proposed
Czechia,CZ,cs,Czech,Bio,EMDR,Therapy approach,300,10000,100,Added market: 100 proposed
Czechia,CZ,cs,Czech,Bio,KBT,Therapy approach,300,10000,100,Added market: 100 proposed
Czechia,CZ,cs,Czech,Captions,duševní zdraví,Mental health,300,10000,100,Added market: 100 proposed
Czechia,CZ,cs,Czech,Captions,úzkost,Anxiety,300,10000,100,Added market: 100 proposed
Czechia,CZ,cs,Czech,Captions,syndrom vyhoření,Burnout / exhaustion,300,10000,100,Added market: 100 proposed
Czechia,CZ,cs,Czech,Captions,osamělost,Loneliness,300,10000,100,Added market: 100 proposed
Czechia,CZ,cs,Czech,Captions,regulace emocí,Emotional regulation,300,10000,100,Added market: 100 proposed
Czechia,CZ,cs,Czech,Captions,párová terapie,Couple / relationships,300,10000,100,Added market: 100 proposed
Czechia,CZ,cs,Czech,Captions,rodičovské vyhoření,Parenting stress,300,10000,100,Added market: 100 proposed
Czechia,CZ,cs,Czech,Captions,závislosti,Addictions,300,10000,100,Added market: 100 proposed
Czechia,CZ,cs,Czech,Captions,meditace všímavosti,Meditation / mindfulness,300,10000,100,Added market: 100 proposed
Czechia,CZ,cs,Czech,Captions,dechová cvičení,Breathing / coping,300,10000,100,Added market: 100 proposed
Czechia,CZ,cs,Czech,Captions,sexuální zdraví,Sexual wellbeing / intimacy,300,10000,100,Added market: 100 proposed
Czechia,CZ,cs,Czech,Captions,psychické trauma,Psychological trauma,300,10000,100,Added market: 100 proposed
Czechia,CZ,cs,Czech,Captions,sebeúcta,Self-esteem,300,10000,100,Added market: 100 proposed
Czechia,CZ,cs,Czech,Captions,úzkostná citová vazba,Attachment,300,10000,100,Added market: 100 proposed
Hungary,HU,hu,Hungarian,Bio,pszichológus,Professional role,300,10000,100,Added market: 100 proposed
Hungary,HU,hu,Hungarian,Bio,pszichiáter,Professional role,300,10000,100,Added market: 100 proposed
Hungary,HU,hu,Hungarian,Bio,pszichoterapeuta,Professional role,300,10000,100,Added market: 100 proposed
Hungary,HU,hu,Hungarian,Bio,kognitív viselkedésterápia,Therapy approach,300,10000,100,Added market: 100 proposed
Hungary,HU,hu,Hungarian,Bio,EMDR,Therapy approach,300,10000,100,Added market: 100 proposed
Hungary,HU,hu,Hungarian,Captions,mentális egészség,Mental health,300,10000,100,Added market: 100 proposed
Hungary,HU,hu,Hungarian,Captions,szorongás,Anxiety,300,10000,100,Added market: 100 proposed
Hungary,HU,hu,Hungarian,Captions,kiégés,Burnout / exhaustion,300,10000,100,Added market: 100 proposed
Hungary,HU,hu,Hungarian,Captions,magány,Loneliness,300,10000,100,Added market: 100 proposed
Hungary,HU,hu,Hungarian,Captions,érzelemszabályozás,Emotional regulation,300,10000,100,Added market: 100 proposed
Hungary,HU,hu,Hungarian,Captions,párterápia,Couple / relationships,300,10000,100,Added market: 100 proposed
Hungary,HU,hu,Hungarian,Captions,szülői kiégés,Parenting stress,300,10000,100,Added market: 100 proposed
Hungary,HU,hu,Hungarian,Captions,függőség,Addictions,300,10000,100,Added market: 100 proposed
Hungary,HU,hu,Hungarian,Captions,tudatos jelenlét meditáció,Meditation / mindfulness,300,10000,100,Added market: 100 proposed
Hungary,HU,hu,Hungarian,Captions,légzőgyakorlatok,Breathing / coping,300,10000,100,Added market: 100 proposed
Hungary,HU,hu,Hungarian,Captions,szexuális jóllét,Sexual wellbeing / intimacy,300,10000,100,Added market: 100 proposed
Hungary,HU,hu,Hungarian,Captions,lelki trauma,Psychological trauma,300,10000,100,Added market: 100 proposed
Hungary,HU,hu,Hungarian,Captions,önbecsülés,Self-esteem,300,10000,100,Added market: 100 proposed
Hungary,HU,hu,Hungarian,Captions,szorongó kötődés,Attachment,300,10000,100,Added market: 100 proposed
Lebanon,LB,en,English,Bio,psychologist,Professional role,300,10000,100,Added market: 100 proposed
Lebanon,LB,en,English,Bio,psychiatrist,Professional role,300,10000,100,Added market: 100 proposed
Lebanon,LB,en,English,Bio,psychotherapist,Professional role,300,10000,100,Added market: 100 proposed
Lebanon,LB,en,English,Bio,mental health counselor,Professional role,300,10000,100,Added market: 100 proposed
Lebanon,LB,en,English,Bio,mental health counsellor,Professional role,300,10000,100,Added market: 100 proposed
Lebanon,LB,en,English,Bio,cognitive behavioral therapy,Therapy approach,300,10000,100,Added market: 100 proposed
Lebanon,LB,en,English,Bio,EMDR,Therapy approach,300,10000,100,Added market: 100 proposed
Lebanon,LB,en,English,Bio,CBT,Therapy approach,300,10000,100,Added market: 100 proposed
Lebanon,LB,en,English,Bio,cognitive behavioural therapy,Therapy approach,300,10000,100,Added market: 100 proposed
Lebanon,LB,en,English,Bio,sex therapist,Professional role,300,10000,100,Added market: 100 proposed
Lebanon,LB,en,English,Bio,couples therapist,Professional role,300,10000,100,Added market: 100 proposed
Lebanon,LB,en,English,Captions,mental health,Mental health,300,10000,100,Added market: 100 proposed
Lebanon,LB,en,English,Captions,anxiety,Anxiety,300,10000,100,Added market: 100 proposed
Lebanon,LB,en,English,Captions,burnout,Burnout / exhaustion,300,10000,100,Added market: 100 proposed
Lebanon,LB,en,English,Captions,loneliness,Loneliness,300,10000,100,Added market: 100 proposed
Lebanon,LB,en,English,Captions,emotional regulation,Emotional regulation,300,10000,100,Added market: 100 proposed
Lebanon,LB,en,English,Captions,couples communication,Couple / relationships,300,10000,100,Added market: 100 proposed
Lebanon,LB,en,English,Captions,parental burnout,Parenting stress,300,10000,100,Added market: 100 proposed
Lebanon,LB,en,English,Captions,addiction recovery,Addictions,300,10000,100,Added market: 100 proposed
Lebanon,LB,en,English,Captions,mindfulness meditation,Meditation / mindfulness,300,10000,100,Added market: 100 proposed
Lebanon,LB,en,English,Captions,breathing exercises,Breathing / coping,300,10000,100,Added market: 100 proposed
Lebanon,LB,en,English,Captions,sexual wellbeing,Sexual wellbeing / intimacy,300,10000,100,Added market: 100 proposed
Lebanon,LB,en,English,Captions,anxious attachment,Attachment,300,10000,100,Added market: 100 proposed
Lebanon,LB,en,English,Captions,relationship advice,Couple / relationships,300,10000,100,Added market: 100 proposed
Lebanon,LB,en,English,Captions,quit smoking,Addictions,300,10000,100,Added market: 100 proposed
Lebanon,LB,en,English,Captions,sobriety,Addictions,300,10000,100,Added market: 100 proposed
Lebanon,LB,en,English,Captions,overthinking,Anxiety,300,10000,100,Added market: 100 proposed
Lebanon,LB,en,English,Captions,psychological trauma,Psychological trauma,300,10000,100,Added market: 100 proposed
Lebanon,LB,en,English,Captions,self-esteem,Self-esteem,300,10000,100,Added market: 100 proposed
Lebanon,LB,fr,French,Bio,psychologue,Professional role,300,10000,100,Added market: 100 proposed
Lebanon,LB,fr,French,Bio,psychiatre,Professional role,300,10000,100,Added market: 100 proposed
Lebanon,LB,fr,French,Bio,psychothérapeute,Professional role,300,10000,100,Added market: 100 proposed
Lebanon,LB,fr,French,Bio,psychotherapeute,Professional role,300,10000,100,Added market: 100 proposed
Lebanon,LB,fr,French,Bio,thérapie cognitive et comportementale,Therapy approach,300,10000,100,Added market: 100 proposed
Lebanon,LB,fr,French,Bio,EMDR,Therapy approach,300,10000,100,Added market: 100 proposed
Lebanon,LB,fr,French,Bio,TCC,Therapy approach,300,10000,100,Added market: 100 proposed
Lebanon,LB,fr,French,Bio,sexologue,Professional role,300,10000,100,Added market: 100 proposed
Lebanon,LB,fr,French,Bio,thérapeute de couple,Professional role,300,10000,100,Added market: 100 proposed
Lebanon,LB,fr,French,Captions,santé mentale,Mental health,300,10000,100,Added market: 100 proposed
Lebanon,LB,fr,French,Captions,anxiété,Anxiety,300,10000,100,Added market: 100 proposed
Lebanon,LB,fr,French,Captions,burnout,Burnout / exhaustion,300,10000,100,Added market: 100 proposed
Lebanon,LB,fr,French,Captions,solitude,Loneliness,300,10000,100,Added market: 100 proposed
Lebanon,LB,fr,French,Captions,régulation émotionnelle,Emotional regulation,300,10000,100,Added market: 100 proposed
Lebanon,LB,fr,French,Captions,communication dans le couple,Couple / relationships,300,10000,100,Added market: 100 proposed
Lebanon,LB,fr,French,Captions,burnout parental,Parenting stress,300,10000,100,Added market: 100 proposed
Lebanon,LB,fr,French,Captions,addictions,Addictions,300,10000,100,Added market: 100 proposed
Lebanon,LB,fr,French,Captions,méditation de pleine conscience,Meditation / mindfulness,300,10000,100,Added market: 100 proposed
Lebanon,LB,fr,French,Captions,exercices de respiration,Breathing / coping,300,10000,100,Added market: 100 proposed
Lebanon,LB,fr,French,Captions,bien-être sexuel,Sexual wellbeing / intimacy,300,10000,100,Added market: 100 proposed
Lebanon,LB,fr,French,Captions,angoisse,Anxiety,300,10000,100,Added market: 100 proposed
Lebanon,LB,fr,French,Captions,attachement anxieux,Attachment,300,10000,100,Added market: 100 proposed
Lebanon,LB,fr,French,Captions,cohérence cardiaque,Breathing / coping,300,10000,100,Added market: 100 proposed
Lebanon,LB,fr,French,Captions,charge mentale,Parenting / stress,300,10000,100,Added market: 100 proposed
Lebanon,LB,fr,French,Captions,arrêter de fumer,Addictions,300,10000,100,Added market: 100 proposed
Lebanon,LB,fr,French,Captions,sobriété,Addictions,300,10000,100,Added market: 100 proposed
Lebanon,LB,fr,French,Captions,traumatisme psychologique,Psychological trauma,300,10000,100,Added market: 100 proposed
Lebanon,LB,fr,French,Captions,estime de soi,Self-esteem,300,10000,100,Added market: 100 proposed
Lebanon,LB,ar,Arabic,Bio,أخصائي نفسي,Professional role,300,10000,100,Added market: 100 proposed
Lebanon,LB,ar,Arabic,Bio,أخصائية نفسية,Professional role,300,10000,100,Added market: 100 proposed
Lebanon,LB,ar,Arabic,Bio,اخصائي نفسي,Professional role,300,10000,100,Added market: 100 proposed
Lebanon,LB,ar,Arabic,Bio,طبيب نفسي,Professional role,300,10000,100,Added market: 100 proposed
Lebanon,LB,ar,Arabic,Bio,طبيبة نفسية,Professional role,300,10000,100,Added market: 100 proposed
Lebanon,LB,ar,Arabic,Bio,معالج نفسي,Professional role,300,10000,100,Added market: 100 proposed
Lebanon,LB,ar,Arabic,Bio,معالجة نفسية,Professional role,300,10000,100,Added market: 100 proposed
Lebanon,LB,ar,Arabic,Bio,العلاج المعرفي السلوكي,Therapy approach,300,10000,100,Added market: 100 proposed
Lebanon,LB,ar,Arabic,Bio,EMDR,Therapy approach,300,10000,100,Added market: 100 proposed
Lebanon,LB,ar,Arabic,Captions,الصحة النفسية,Mental health,300,10000,100,Added market: 100 proposed
Lebanon,LB,ar,Arabic,Captions,القلق,Anxiety,300,10000,100,Added market: 100 proposed
Lebanon,LB,ar,Arabic,Captions,الاحتراق النفسي,Burnout / exhaustion,300,10000,100,Added market: 100 proposed
Lebanon,LB,ar,Arabic,Captions,الشعور بالوحدة,Loneliness,300,10000,100,Added market: 100 proposed
Lebanon,LB,ar,Arabic,Captions,تنظيم المشاعر,Emotional regulation,300,10000,100,Added market: 100 proposed
Lebanon,LB,ar,Arabic,Captions,العلاقات الزوجية,Couple / relationships,300,10000,100,Added market: 100 proposed
Lebanon,LB,ar,Arabic,Captions,الإرهاق الوالدي,Parenting stress,300,10000,100,Added market: 100 proposed
Lebanon,LB,ar,Arabic,Captions,التعافي من الإدمان,Addictions,300,10000,100,Added market: 100 proposed
Lebanon,LB,ar,Arabic,Captions,التأمل الواعي,Meditation / mindfulness,300,10000,100,Added market: 100 proposed
Lebanon,LB,ar,Arabic,Captions,تمارين التنفس,Breathing / coping,300,10000,100,Added market: 100 proposed
Lebanon,LB,ar,Arabic,Captions,الصحة الجنسية,Sexual wellbeing / intimacy,300,10000,100,Added market: 100 proposed
Lebanon,LB,ar,Arabic,Captions,الصدمة النفسية,Psychological trauma,300,10000,100,Added market: 100 proposed
Lebanon,LB,ar,Arabic,Captions,تقدير الذات,Self-esteem,300,10000,100,Added market: 100 proposed
Lebanon,LB,ar,Arabic,Captions,التعلق القلق,Attachment,300,10000,100,Added market: 100 proposed
